,Wave (Angstroms),Throughput
0,500.0,0.0
1,998.0,0.0
2,999.0,0.0
3,1000.0,0.0
4,1010.0,0.0
5,1020.0,0.0
6,1030.0,0.0
7,1040.0,0.0
8,1050.0,0.0
9,1060.0,0.0
10,1070.0,0.0
11,1080.0,0.0
12,1090.0,0.0
13,1100.0,0.0
14,1110.0,0.0
15,1120.0,0.0
16,1130.0,0.0
17,1140.0,0.0
18,1150.0,0.0
19,1160.0,0.0
20,1170.0,0.0
21,1180.0,0.0
22,1190.0,0.0
23,1200.0,0.0
24,1210.0,0.0
25,1220.0,0.0
26,1230.0,0.0
27,1240.0,0.0
28,1250.0,0.0
29,1260.0,0.0
30,1270.0,0.0
31,1280.0,0.0
32,1290.0,0.0
33,1300.0,0.0
34,1310.0,0.0
35,1320.0,0.0
36,1330.0,0.0
37,1340.0,0.0
38,1350.0,0.0
39,1360.0,0.0
40,1370.0,0.0
41,1380.0,0.0
42,1390.0,0.0
43,1400.0,0.0
44,1410.0,0.0
45,1420.0,0.0
46,1430.0,0.0
47,1440.0,0.0
48,1450.0,0.0
49,1460.0,0.0
50,1470.0,0.0
51,1480.0,0.0
52,1490.0,0.0
53,1500.0,0.0
54,1510.0,0.0
55,1520.0,0.0
56,1530.0,0.0
57,1540.0,0.0
58,1550.0,0.0
59,1560.0,0.0
60,1570.0,0.0
61,1580.0,0.0
62,1590.0,0.0
63,1600.0,0.0
64,1610.0,0.0
65,1620.0,0.0
66,1630.0,0.0
67,1640.0,0.0
68,1650.0,0.0
69,1660.0,0.0
70,1670.0,0.0
71,1680.0,0.0
72,1690.0,0.0
73,1700.0,0.0
74,1710.0,0.0
75,1720.0,0.0
76,1730.0,0.0
77,1740.0,0.0
78,1750.0,0.0
79,1760.0,0.0
80,1770.0,0.0
81,1780.0,0.0
82,1790.0,0.0
83,1800.0,0.0
84,1810.0,0.0
85,1820.0,0.0
86,1830.0,0.0
87,1840.0,0.0
88,1850.0,0.0
89,1860.0,0.0
90,1870.0,0.0
91,1880.0,0.0
92,1890.0,0.0
93,1900.0,0.0
94,1910.0,0.0
95,1920.0,0.0
96,1930.0,0.0
97,1940.0,0.0
98,1950.0,0.0
99,1960.0,0.0
100,1970.0,0.0
101,1980.0,0.0
102,1988.0,0.0
103,1989.0,0.0
104,1990.0,0.0
105,2000.0,0.0
106,2010.0,0.0
107,2020.0,0.0
108,2030.0,0.0
109,2040.0,0.0
110,2050.0,0.0
111,2060.0,0.0
112,2070.0,0.0
113,2080.0,0.0
114,2090.0,0.0
115,2100.0,0.0
116,2110.0,0.0
117,2120.0,0.0
118,2130.0,0.0
119,2140.0,0.0
120,2150.0,0.0
121,2160.0,0.0
122,2170.0,0.0
123,2180.0,0.0
124,2190.0,0.0
125,2200.0,0.0
126,2210.0,0.0
127,2220.0,0.0
128,2230.0,0.0
129,2240.0,0.0
130,2250.0,0.0
131,2260.0,0.0
132,2270.0,0.0
133,2280.0,0.0
134,2290.0,0.0
135,2300.0,0.0
136,2310.0,0.0
137,2320.0,0.0
138,2330.0,0.0
139,2340.0,0.0
140,2350.0,0.0
141,2360.0,0.0
142,2370.0,0.0
143,2380.0,0.0
144,2390.0,0.0
145,2400.0,0.0
146,2410.0,0.0
147,2420.0,0.0
148,2430.0,0.0
149,2440.0,0.0
150,2450.0,0.0
151,2460.0,0.0
152,2470.0,0.0
153,2480.0,0.0
154,2490.0,0.0
155,2500.0,0.0
156,2510.0,0.0
157,2520.0,0.0
158,2530.0,0.0
159,2540.0,0.0
160,2550.0,0.0
161,2560.0,0.0
162,2570.0,0.0
163,2580.0,0.0
164,2590.0,0.0
165,2600.0,0.0
166,2610.0,0.0
167,2620.0,0.0
168,2630.0,0.0
169,2640.0,0.0
170,2650.0,0.0
171,2660.0,0.0
172,2670.0,0.0
173,2680.0,0.0
174,2690.0,0.0
175,2700.0,0.0
176,2710.0,0.0
177,2720.0,0.0
178,2730.0,0.0
179,2740.0,0.0
180,2750.0,0.0
181,2760.0,0.0
182,2770.0,0.0
183,2780.0,0.0
184,2790.0,0.0
185,2800.0,0.0
186,2810.0,0.0
187,2820.0,0.0
188,2830.0,0.0
189,2840.0,0.0
190,2850.0,0.0
191,2860.0,0.0
192,2870.0,0.0
193,2880.0,0.0
194,2890.0,0.0
195,2900.0,0.0
196,2910.0,0.0
197,2920.0,0.0
198,2930.0,0.0
199,2940.0,0.0
200,2950.0,0.0
201,2960.0,0.0
202,2970.0,0.0
203,2980.0,0.0
204,2990.0,0.0
205,3000.0,0.0
206,3010.0,0.0
207,3020.0,0.0
208,3030.0,0.0
209,3040.0,0.0
210,3050.0,0.0
211,3060.0,0.0
212,3070.0,0.0
213,3080.0,0.0
214,3090.0,0.0
215,3100.0,0.0
216,3110.0,0.0
217,3120.0,0.0
218,3130.0,0.0
219,3140.0,0.0
220,3150.0,0.0
221,3160.0,0.0
222,3170.0,0.0
223,3180.0,0.0
224,3190.0,0.0
225,3200.0,0.0
226,3210.0,0.0
227,3220.0,0.0
228,3230.0,0.0
229,3240.0,0.0
230,3250.0,0.0
231,3260.0,0.0
232,3270.0,0.0
233,3280.0,0.0
234,3290.0,0.0
235,3300.0,0.0
236,3310.0,0.0
237,3320.0,0.0
238,3330.0,0.0
239,3340.0,0.0
240,3350.0,0.0
241,3360.0,0.0
242,3370.0,0.0
243,3380.0,0.0
244,3390.0,0.0
245,3400.0,0.0
246,3410.0,0.0
247,3420.0,0.0
248,3430.0,0.0
249,3440.0,0.0
250,3450.0,0.0
251,3460.0,0.0
252,3470.0,0.0
253,3480.0,0.0
254,3490.0,0.0
255,3500.0,0.0
256,3510.0,0.0
257,3520.0,0.0
258,3530.0,0.0
259,3540.0,0.0
260,3550.0,0.0
261,3560.0,0.0
262,3570.0,0.0
263,3580.0,0.0
264,3590.0,0.0
265,3600.0,0.0
266,3610.0,0.0
267,3620.0,0.0
268,3630.0,0.0
269,3640.0,0.0
270,3650.0,0.0
271,3660.0,0.0
272,3670.0,0.0
273,3680.0,0.0
274,3690.0,0.0
275,3700.0,0.0
276,3710.0,0.0
277,3720.0,0.0
278,3730.0,0.0
279,3740.0,0.0
280,3750.0,0.0
281,3760.0,0.0
282,3770.0,0.0
283,3780.0,0.0
284,3790.0,0.0
285,3800.0,0.0
286,3810.0,0.0
287,3820.0,0.0
288,3830.0,0.0
289,3840.0,0.0
290,3850.0,0.0
291,3860.0,0.0
292,3870.0,0.0
293,3880.0,0.0
294,3890.0,0.0
295,3900.0,0.0
296,3910.0,0.0
297,3920.0,0.0
298,3930.0,0.0
299,3940.0,0.0
300,3950.0,0.0
301,3960.0,0.0
302,3970.0,0.0
303,3980.0,0.0
304,3990.0,0.0
305,3998.0,0.0
306,3999.0,0.0
307,4000.0,0.0
308,4010.0,0.0
309,4020.0,0.0
310,4030.0,0.0
311,4040.0,0.0
312,4050.0,0.0
313,4060.0,0.0
314,4070.0,0.0
315,4080.0,0.0
316,4090.0,0.0
317,4100.0,0.0
318,4110.0,0.0
319,4120.0,0.0
320,4130.0,0.0
321,4140.0,0.0
322,4150.0,0.0
323,4160.0,0.0
324,4170.0,0.0
325,4180.0,0.0
326,4190.0,0.0
327,4200.0,0.0
328,4210.0,0.0
329,4220.0,0.0
330,4230.0,0.0
331,4240.0,0.0
332,4250.0,0.0
333,4260.0,0.0
334,4270.0,0.0
335,4280.0,0.0
336,4290.0,0.0
337,4300.0,0.0
338,4310.0,0.0
339,4320.0,0.0
340,4330.0,0.0
341,4340.0,0.0
342,4350.0,0.0
343,4360.0,0.0
344,4370.0,0.0
345,4380.0,0.0
346,4390.0,0.0
347,4400.0,0.0
348,4410.0,0.0
349,4420.0,0.0
350,4430.0,0.0
351,4440.0,0.0
352,4450.0,0.0
353,4460.0,0.0
354,4470.0,0.0
355,4480.0,0.0
356,4490.0,0.0
357,4500.0,0.0
358,4510.0,0.0
359,4520.0,0.0
360,4530.0,0.0
361,4540.0,0.0
362,4550.0,0.0
363,4560.0,0.0
364,4570.0,0.0
365,4580.0,0.0
366,4590.0,0.0
367,4600.0,0.0
368,4610.0,0.0
369,4620.0,0.0
370,4630.0,0.0
371,4640.0,0.0
372,4650.0,0.0
373,4660.0,0.0
374,4670.0,0.0
375,4680.0,0.0
376,4690.0,0.0
377,4700.0,0.0
378,4710.0,0.0
379,4720.0,0.0
380,4730.0,0.0
381,4740.0,0.0
382,4750.0,0.0
383,4760.0,0.0
384,4770.0,0.0
385,4780.0,0.0
386,4790.0,0.0
387,4800.0,0.0
388,4810.0,0.0
389,4820.0,0.0
390,4830.0,0.0
391,4840.0,0.0
392,4850.0,0.0
393,4860.0,0.0
394,4870.0,0.0
395,4880.0,0.0
396,4890.0,0.0
397,4900.0,0.0
398,4910.0,0.0
399,4920.0,0.0
400,4930.0,0.0
401,4940.0,0.0
402,4950.0,0.0
403,4960.0,0.0
404,4970.0,0.0
405,4980.0,0.0
406,4990.0,0.0
407,5000.0,0.0
408,5010.0,0.0
409,5020.0,0.0
410,5030.0,0.0
411,5040.0,0.0
412,5050.0,0.0
413,5060.0,0.0
414,5070.0,0.0
415,5080.0,0.0
416,5090.0,0.0
417,5100.0,0.0
418,5110.0,0.0
419,5120.0,0.0
420,5130.0,0.0
421,5140.0,0.0
422,5150.0,0.0
423,5160.0,0.0
424,5170.0,0.0
425,5180.0,0.0
426,5190.0,0.0
427,5200.0,0.0
428,5210.0,0.0
429,5220.0,0.0
430,5230.0,0.0
431,5240.0,0.0
432,5250.0,0.0
433,5260.0,0.0
434,5270.0,0.0
435,5280.0,0.0
436,5290.0,0.0
437,5300.0,0.0
438,5310.0,0.0
439,5320.0,0.0
440,5330.0,0.0
441,5340.0,0.0
442,5350.0,0.0
443,5360.0,0.0
444,5370.0,0.0
445,5380.0,0.0
446,5390.0,0.0
447,5400.0,0.0
448,5410.0,0.0
449,5420.0,0.0
450,5430.0,0.0
451,5440.0,0.0
452,5450.0,0.0
453,5460.0,0.0
454,5470.0,0.0
455,5480.0,0.0
456,5490.0,0.0
457,5500.0,0.0
458,5510.0,0.0
459,5520.0,0.0
460,5530.0,0.0
461,5540.0,0.0
462,5550.0,0.0
463,5560.0,0.0
464,5570.0,0.0
465,5580.0,0.0
466,5590.0,0.0
467,5600.0,0.0
468,5610.0,0.0
469,5620.0,0.0
470,5630.0,0.0
471,5640.0,0.0
472,5650.0,0.0
473,5660.0,0.0
474,5670.0,0.0
475,5680.0,0.0
476,5690.0,0.0
477,5700.0,0.0
478,5710.0,0.0
479,5720.0,0.0
480,5730.0,0.0
481,5740.0,0.0
482,5750.0,0.0
483,5760.0,0.0
484,5770.0,0.0
485,5780.0,0.0
486,5790.0,0.0
487,5800.0,0.0
488,5810.0,0.0
489,5820.0,0.0
490,5830.0,0.0
491,5840.0,0.0
492,5850.0,0.0
493,5860.0,0.0
494,5870.0,0.0
495,5880.0,0.0
496,5890.0,0.0
497,5900.0,0.0
498,5910.0,0.0
499,5920.0,0.0
500,5930.0,0.0
501,5940.0,0.0
502,5950.0,0.0
503,5960.0,0.0
504,5970.0,0.0
505,5980.0,0.0
506,5990.0,0.0
507,6000.0,0.0
508,6010.0,0.0
509,6020.0,0.0
510,6030.0,0.0
511,6040.0,0.0
512,6050.0,0.0
513,6060.0,0.0
514,6070.0,0.0
515,6080.0,0.0
516,6090.0,0.0
517,6100.0,0.0
518,6110.0,0.0
519,6120.0,0.0
520,6130.0,0.0
521,6140.0,0.0
522,6150.0,0.0
523,6160.0,0.0
524,6170.0,0.0
525,6180.0,0.0
526,6190.0,0.0
527,6200.0,0.0
528,6210.0,0.0
529,6220.0,0.0
530,6230.0,0.0
531,6240.0,0.0
532,6250.0,0.0
533,6260.0,0.0
534,6270.0,0.0
535,6280.0,0.0
536,6290.0,0.0
537,6300.0,0.0
538,6310.0,0.0
539,6320.0,0.0
540,6330.0,0.0
541,6340.0,0.0
542,6350.0,0.0
543,6360.0,0.0
544,6370.0,0.0
545,6380.0,0.0
546,6390.0,0.0
547,6400.0,0.0
548,6410.0,0.0
549,6420.0,0.0
550,6430.0,0.0
551,6440.0,0.0
552,6450.0,0.0
553,6460.0,0.0
554,6470.0,0.0
555,6480.0,0.0
556,6490.0,0.0
557,6500.0,0.0
558,6510.0,0.0
559,6520.0,0.0
560,6530.0,0.0
561,6540.0,0.0
562,6550.0,0.0
563,6560.0,0.0
564,6570.0,0.0
565,6580.0,0.0
566,6590.0,0.0
567,6600.0,0.0
568,6610.0,0.0
569,6620.0,0.0
570,6630.0,0.0
571,6640.0,0.0
572,6650.0,0.0
573,6660.0,0.0
574,6670.0,0.0
575,6680.0,0.0
576,6690.0,0.0
577,6700.0,0.0
578,6710.0,0.0
579,6720.0,0.0
580,6730.0,0.0
581,6740.0,0.0
582,6750.0,0.0
583,6760.0,0.0
584,6770.0,0.0
585,6780.0,0.0
586,6790.0,0.0
587,6800.0,0.0
588,6810.0,0.0
589,6820.0,0.0
590,6830.0,0.0
591,6840.0,0.0
592,6850.0,0.0
593,6860.0,0.0
594,6870.0,0.0
595,6880.0,0.0
596,6890.0,0.0
597,6900.0,0.0
598,6910.0,0.0
599,6920.0,0.0
600,6930.0,0.0
601,6940.0,0.0
602,6950.0,0.0
603,6960.0,0.0
604,6970.0,0.0
605,6980.0,0.0
606,6990.0,0.0
607,6999.9306640625,0.0
608,7000.0,0.0
609,7000.9306640625,0.0
610,7001.9306640625,0.0
611,7010.0,0.0
612,7020.0,0.0
613,7030.0,0.0
614,7040.0,0.0
615,7050.0,0.0
616,7060.0,0.0
617,7061.94677734375,0.0
618,7070.0,0.0
619,7080.0,0.0
620,7090.0,0.0
621,7100.0,0.0
622,7110.0,0.0
623,7120.0,0.0
624,7121.962890625,0.0
625,7130.0,0.0
626,7140.0,0.0
627,7141.96826171875,0.0
628,7150.0,0.0
629,7160.0,0.0
630,7161.9736328125,0.0
631,7170.0,0.0
632,7180.0,0.0
633,7181.97900390625,0.0
634,7190.0,0.0
635,7200.0,0.0
636,7210.0,0.0
637,7220.0,0.0
638,7221.98974609375,0.0
639,7230.0,0.0
640,7240.0,0.0
641,7241.9951171875,0.0
642,7250.0,0.0
643,7260.0,0.0
644,7262.00048828125,0.0
645,7270.0,0.0
646,7280.0,0.0
647,7282.005859375,0.0
648,7290.0,0.0
649,7300.0,0.0
650,7310.0,0.0
651,7320.0,0.0
652,7322.0166015625,0.0
653,7330.0,0.0
654,7340.0,0.0
655,7342.02197265625,0.0
656,7350.0,0.0
657,7360.0,0.0
658,7370.0,0.0
659,7380.0,0.0
660,7382.03271484375,0.0
661,7390.0,0.0
662,7400.0,0.0
663,7402.0380859375,0.0
664,7410.0,0.0
665,7420.0,0.0
666,7430.0,0.0
667,7440.0,0.0
668,7442.04931640625,0.0
669,7450.0,0.0
670,7460.0,0.0
671,7462.0546875,0.0
672,7470.0,0.0
673,7480.0,0.0
674,7490.0,0.0
675,7500.0,0.0
676,7502.0654296875,0.0
677,7510.0,0.0
678,7520.0,0.0
679,7522.07080078125,0.0
680,7530.0,0.0
681,7540.0,0.0
682,7542.076171875,0.0
683,7550.0,0.0
684,7560.0,0.0
685,7562.08154296875,0.0
686,7570.0,0.0
687,7580.0,0.0
688,7590.0,0.0
689,7600.0,0.0
690,7610.0,0.0
691,7620.0,0.0
692,7622.09765625,0.0
693,7630.0,0.0
694,7640.0,0.0
695,7642.10302734375,0.0
696,7650.0,0.0
697,7660.0,0.0
698,7662.1083984375,0.0
699,7670.0,0.0
700,7680.0,0.0
701,7682.11376953125,0.0
702,7690.0,0.0
703,7700.0,0.0
704,7702.119140625,0.0
705,7710.0,0.0
706,7720.0,0.0
707,7722.12451171875,0.0
708,7730.0,0.0
709,7740.0,0.0
710,7742.1298828125,0.0
711,7750.0,0.0
712,7760.0,0.0
713,7762.13525390625,0.0
714,7770.0,0.0
715,7780.0,0.0
716,7790.0,0.0
717,7800.0,0.0
718,7810.0,0.0
719,7820.0,0.0
720,7830.0,0.0
721,7840.0,0.0
722,7842.1572265625,0.0
723,7850.0,0.0
724,7860.0,0.0
725,7862.16259765625,0.0
726,7870.0,0.0
727,7880.0,0.0
728,7882.16796875,0.0
729,7890.0,0.0
730,7900.0,0.0
731,7902.17333984375,0.0
732,7910.0,0.0
733,7920.0,0.0
734,7922.1787109375,0.0
735,7930.0,0.0
736,7940.0,0.0
737,7942.18408203125,0.0
738,7950.0,0.0
739,7960.0,0.0
740,7962.189453125,0.0
741,7970.0,0.0
742,7980.0,0.0
743,7982.19482421875,0.0
744,7990.0,0.0
745,7998.0,0.0
746,7999.0,0.0
747,8000.0,1.5465168033939607e-07
748,8002.2001953125,1.7002763259399023e-07
749,8010.0,1.675540190095461e-07
750,8020.0,1.6439116276282221e-07
751,8022.20556640625,1.6369402378704797e-07
752,8030.0,2.7691350967293033e-07
753,8040.0,4.2269424286039846e-07
754,8042.2109375,4.55009298142676e-07
755,8050.0,3.856513951038412e-07
756,8060.0,2.9627028069617834e-07
757,8062.21630859375,2.764092294270215e-07
758,8070.0,2.3392997397649247e-07
759,8080.0,1.791490606677244e-07
760,8082.2216796875,1.6694694407609313e-07
761,8090.0,2.2021914908262616e-07
762,8100.0,2.88963642089424e-07
763,8102.2275390625,3.043162569579467e-07
764,8110.0,2.5840952553421634e-07
765,8120.0,1.9912245290040132e-07
766,8122.23291015625,1.8584987452798754e-07
767,8130.0,1.894844170043735e-07
768,8140.0,1.9418053303303655e-07
769,8150.0,1.9889515046792662e-07
770,8160.0,2.0362902343099652e-07
771,8170.0,2.0838182695432745e-07
772,8180.0,2.131532701489323e-07
773,8182.2490234375,2.1432308876271877e-07
774,8190.0,2.764766509002046e-07
775,8200.0,3.5723859510453194e-07
776,8202.25390625,3.7551421452467565e-07
777,8210.0,5.793520550794418e-07
778,8220.0,8.442943643658495e-07
779,8222.259765625,9.044457436500248e-07
780,8230.0,1.010601293479583e-06
781,8240.0,1.1478536563772237e-06
782,8242.2646484375,1.1790539323769915e-06
783,8250.0,9.577427739248389e-07
784,8260.0,6.700392781589391e-07
785,8262.2705078125,6.044640092197107e-07
786,8270.0,7.454867070186654e-07
787,8280.0,9.289347919843363e-07
788,8282.2763671875,9.708520012035259e-07
789,8290.0,8.771879778076494e-07
790,8300.0,7.55237891836514e-07
791,8302.28125,7.273107866693247e-07
792,8310.0,4.994784009838189e-07
793,8320.0,2.0268325580919465e-07
794,8322.287109375,1.3454437671382847e-07
795,8330.0,3.266100772615018e-07
796,8340.0,5.769884303917942e-07
797,8342.2919921875,6.345911579224103e-07
798,8350.0,6.236616451032454e-07
799,8360.0,6.093982115592503e-07
800,8362.2978515625,6.058118440926027e-07
801,8370.0,7.544128715668678e-07
802,8380.0,9.476678814040439e-07
803,8382.302734375,9.922212131098464e-07
804,8390.0,1.2929854668464544e-06
805,8400.0,1.684378103120617e-06
806,8402.30859375,1.774758995013916e-06
807,8410.0,1.701250838913928e-06
808,8420.0,1.6055483738498522e-06
809,8422.3134765625,1.5833879092843206e-06
810,8430.0,1.373744198412268e-06
811,8440.0,1.100641078348609e-06
812,8442.3193359375,1.0372408826521824e-06
813,8450.0,7.901740184402604e-07
814,8460.0,4.6807651664060864e-07
815,8462.32421875,3.9314506425527126e-07
816,8470.0,3.794262997359555e-07
817,8480.0,3.615307087146575e-07
818,8490.0,3.4361242778850854e-07
819,8500.0,3.2567486900121916e-07
820,8510.0,3.079026667671108e-07
821,8520.0,2.9008611805114313e-07
822,8522.3408203125,2.859086765964703e-07
823,8530.0,1.0464258581389838e-06
824,8540.0,2.04191788835297e-06
825,8542.3466796875,2.2753404401914936e-06
826,8550.0,2.1328887718661013e-06
827,8560.0,1.946652259384653e-06
828,8562.3515625,1.902839074915039e-06
829,8570.0,1.2913194357091467e-06
830,8580.0,4.913482633625201e-07
831,8582.357421875,3.0268955764563726e-07
832,8590.0,5.665030850862904e-07
833,8600.0,9.118732110494619e-07
834,8602.3623046875,9.934524711405418e-07
835,8610.0,1.23123952159757e-06
836,8620.0,1.5426433671754486e-06
837,8622.3681640625,1.6164003418756988e-06
838,8630.0,1.38502366313058e-06
839,8640.0,1.0834444677655815e-06
840,8642.373046875,1.0117293563610687e-06
841,8650.0,9.052446388537599e-07
842,8660.0,7.652118150046056e-07
843,8670.0,6.247103462563319e-07
844,8680.0,4.837401037699379e-07
845,8690.0,3.423020810289677e-07
846,8700.0,2.0039764507143363e-07
847,8702.3896484375,1.6641844888343277e-07
848,8710.0,7.904564725228156e-07
849,8720.0,1.6127872765357484e-06
850,8722.39453125,1.8121319763496234e-06
851,8730.0,1.2967936019042687e-06
852,8740.0,6.115718376049294e-07
853,8742.400390625,4.457961556168516e-07
854,8750.0,7.00622990882763e-07
855,8760.0,1.0396336359483325e-06
856,8770.0,1.3828644175735892e-06
857,8780.0,1.730344851362152e-06
858,8790.0,2.0820988560919086e-06
859,8800.0,2.4381516046002546e-06
860,8810.0,2.7946330028850973e-06
861,8820.0,3.154456776689901e-06
862,8830.0,3.5176457044091815e-06
863,8840.0,3.8907561874103795e-06
864,8850.0,4.2684951286595e-06
865,8860.0,4.650892391596889e-06
866,8870.0,5.037975676498126e-06
867,8880.0,5.429766407091655e-06
868,8890.0,5.826309085077984e-06
869,8900.0,6.227624321127912e-06
870,8910.0,6.60769437184712e-06
871,8920.0,6.9895390894217694e-06
872,8922.44921875,7.084765094826428e-06
873,8930.0,6.227589165184628e-06
874,8940.0,5.081613459123776e-06
875,8950.0,3.9300339047716e-06
876,8960.0,2.775159257118624e-06
877,8962.4599609375,2.4894083183582235e-06
878,8970.0,2.5980950668839465e-06
879,8980.0,2.7451226480284635e-06
880,8982.46484375,2.7809427658845247e-06
881,8990.0,2.9042692938537124e-06
882,9000.0,3.068617449786109e-06
883,9010.0,3.2289161066009715e-06
884,9020.0,3.386756353638234e-06
885,9022.4765625,3.426568037292764e-06
886,9030.0,2.754913200969463e-06
887,9040.0,1.8607240833814202e-06
888,9042.4814453125,1.638569799549595e-06
889,9050.0,2.1735370046561117e-06
890,9060.0,2.8887422011717593e-06
891,9070.0,3.6036240824228596e-06
892,9080.0,4.323614941860516e-06
893,9082.4921875,4.502545238313083e-06
894,9090.0,4.073399824755236e-06
895,9100.0,3.5007973317315444e-06
896,9102.498046875,3.3582753806936223e-06
897,9110.0,3.717667556719059e-06
898,9120.0,4.194872555756672e-06
899,9130.0,4.6770412294834684e-06
900,9140.0,5.156796452123025e-06
901,9142.5087890625,5.27843986147191e-06
902,9150.0,3.3579786105197347e-06
903,9160.0,7.849829947287121e-07
904,9162.513671875,1.3734266610426454e-07
905,9170.0,7.946201160849026e-07
906,9180.0,1.6742133311368456e-06
907,9190.0,2.557950451395177e-06
908,9200.0,3.4423205950852716e-06
909,9202.5244140625,3.6660449146270875e-06
910,9210.0,2.5131298003374624e-06
911,9220.0,9.665483455312734e-07
912,9222.5302734375,5.751082466937272e-07
913,9230.0,1.432038339726258e-06
914,9240.0,2.5820139294089175e-06
915,9250.0,3.738287824995769e-06
916,9260.0,4.895586590530485e-06
917,9262.541015625,5.191276834826138e-06
918,9270.0,3.430192890451434e-06
919,9280.0,1.0590995022349617e-06
920,9282.546875,4.5425918740923657e-07
921,9290.0,4.212729226009654e-07
922,9300.0,3.765254430758131e-07
923,9310.0,3.3193195660188704e-07
924,9320.0,2.8689688254085793e-07
925,9322.5576171875,2.7541764002409023e-07
926,9330.0,2.7974466510195833e-07
927,9340.0,2.853405106490993e-07
928,9342.5625,2.868387888332286e-07
929,9350.0,1.8637457163939305e-06
930,9360.0,3.988873259699958e-06
931,9362.568359375,4.536622487633082e-06
932,9370.0,4.661975535377011e-06
933,9380.0,4.827205340259641e-06
934,9390.0,4.997096881096394e-06
935,9400.0,5.167726360886602e-06
936,9410.0,5.3295760453170775e-06
937,9420.0,5.496195375595077e-06
938,9422.583984375,5.5381104654660804e-06
939,9430.0,3.5327041805150473e-06
940,9440.0,8.27592108854947e-07
941,9442.58984375,1.253514726261339e-07
942,9450.0,1.0818391349625208e-06
943,9460.0,2.3768656632763925e-06
944,9470.0,3.676649366259647e-06
945,9480.0,4.97698679054291e-06
946,9482.6005859375,5.316734964053424e-06
947,9490.0,3.6236375070601556e-06
948,9500.0,1.3281712056485957e-06
949,9502.6064453125,7.282988623196482e-07
950,9510.0,1.3242588176210327e-06
951,9520.0,2.1332537384831235e-06
952,9530.0,2.9424294880826207e-06
953,9540.0,3.7560717483032487e-06
954,9542.6171875,3.969453217792923e-06
955,9550.0,2.8300161195894555e-06
956,9560.0,1.281133698985831e-06
957,9562.6220703125,8.747935931874762e-07
958,9570.0,1.131616832112536e-06
959,9580.0,1.480687852211346e-06
960,9590.0,1.829325908131579e-06
961,9600.0,2.180329483097779e-06
962,9602.6328125,2.2727060314514176e-06
963,9610.0,1.979342914390188e-06
964,9620.0,1.5789274029117015e-06
965,9630.0,1.1792002849536202e-06
966,9640.0,7.788018231095566e-07
967,9642.6435546875,6.725851390055183e-07
968,9650.0,1.3614665193777526e-06
969,9660.0,2.301052652329258e-06
970,9662.6494140625,2.5504805858990647e-06
971,9670.0,2.560204698801749e-06
972,9680.0,2.571249767172116e-06
973,9690.0,2.5844769326587093e-06
974,9700.0,2.597712253552791e-06
975,9702.66015625,2.6006422191184864e-06
976,9710.0,2.2313274716308946e-06
977,9720.0,1.729017752733902e-06
978,9730.0,1.2251553406831917e-06
979,9740.0,7.191451533746124e-07
980,9742.6708984375,5.840148818685765e-07
981,9750.0,1.4487734012782005e-06
982,9760.0,2.6316722992825017e-06
983,9762.6767578125,2.9488858303164116e-06
984,9770.0,3.048323350519048e-06
985,9780.0,3.1816851734018115e-06
986,9790.0,3.317985033942691e-06
987,9800.0,3.4546189732516573e-06
988,9810.0,3.5897092531115696e-06
989,9820.0,3.72180009628483e-06
990,9822.6923828125,3.7582130607289297e-06
991,9830.0,3.878224493033927e-06
992,9840.0,4.044705734549604e-06
993,9850.0,4.211563428252534e-06
994,9860.0,4.375041095205167e-06
995,9870.0,4.542477886167597e-06
996,9880.0,4.710257969614214e-06
997,9882.708984375,4.755759359082408e-06
998,9890.0,3.909151569988418e-06
999,9900.0,2.7430463662140347e-06
1000,9910.0,1.5773532298016735e-06
1001,9920.0,4.0878183729224085e-07
1002,9922.7197265625,9.047251643323144e-08
1003,9930.0,1.4251789834546193e-06
1004,9940.0,3.26220873339177e-06
1005,9942.7255859375,3.7627574641636443e-06
1006,9950.0,3.26904106304682e-06
1007,9960.0,2.5921504218628246e-06
1008,9970.0,1.9136868621868122e-06
1009,9980.0,1.2336862085444405e-06
1010,9982.736328125,1.0473499248258878e-06
1011,9990.0,1.7611750893626639e-06
1012,10000.0,2.7433168629586114e-06
1013,10002.7412109375,3.0137660662260716e-06
1014,10010.0,2.9454831879178404e-06
1015,10020.0,2.8510980718957204e-06
1016,10030.0,2.7563593680178673e-06
1017,10040.0,2.661274545598112e-06
1018,10042.751953125,2.6344209858749244e-06
1019,10050.0,2.067904176067034e-06
1020,10060.0,1.286471859996957e-06
1021,10062.7578125,1.0705471002945577e-06
1022,10070.0,1.4153920645782205e-06
1023,10080.0,1.892747042666073e-06
1024,10082.7626953125,2.0248647528963204e-06
1025,10090.0,2.6581308641175683e-06
1026,10100.0,3.5352813245421674e-06
1027,10102.7685546875,3.7785558467891525e-06
1028,10110.0,3.150955383957384e-06
1029,10120.0,2.278943549894514e-06
1030,10122.7744140625,2.037316090779653e-06
1031,10130.0,1.7375501009218113e-06
1032,10140.0,1.3216592498525548e-06
1033,10142.779296875,1.2058607864572508e-06
1034,10150.0,2.5322312022880115e-06
1035,10160.0,4.373414407045271e-06
1036,10162.78515625,4.8870828254293255e-06
1037,10170.0,3.844531914112901e-06
1038,10180.0,2.3961372718183097e-06
1039,10182.7900390625,1.99085855997657e-06
1040,10190.0,1.8600297860957535e-06
1041,10200.0,1.6798484060106407e-06
1042,10202.7958984375,1.6294120240059307e-06
1043,10210.0,3.242438747109836e-06
1044,10220.0,5.486658198577082e-06
1045,10222.80078125,6.116277521308486e-06
1046,10230.0,4.779778275996034e-06
1047,10240.0,2.919016433057758e-06
1048,10242.806640625,2.3958724110474455e-06
1049,10250.0,2.394623462511748e-06
1050,10260.0,2.3928555416156023e-06
1051,10262.8115234375,2.3923492347761804e-06
1052,10270.0,3.7385893808304613e-06
1053,10280.0,5.615458601787069e-06
1054,10282.8173828125,6.143606132195072e-06
1055,10290.0,4.948199284272977e-06
1056,10300.0,3.2855103221812156e-06
1057,10302.8232421875,2.815326426322141e-06
1058,10310.0,3.316700292914145e-06
1059,10320.0,4.01676466605407e-06
1060,10322.828125,4.215053717344029e-06
1061,10330.0,4.874732596147448e-06
1062,10340.0,5.796432928350174e-06
1063,10342.833984375,6.058036813364578e-06
1064,10350.0,5.391463777036917e-06
1065,10360.0,4.4592908437696986e-06
1066,10362.8388671875,4.19423882205146e-06
1067,10370.0,5.018893313095882e-06
1068,10380.0,6.1727661026426325e-06
1069,10382.84375,6.501386541230179e-06
1070,10390.0,6.325188064140534e-06
1071,10400.0,6.078412550984262e-06
1072,10402.849609375,6.008034781930781e-06
1073,10410.0,6.343238260290879e-06
1074,10420.0,6.812946442464316e-06
1075,10422.85546875,6.947259992991562e-06
1076,10430.0,8.54424792852728e-06
1077,10440.0,1.0783986790009295e-05
1078,10442.861328125,1.1425802482204925e-05
1079,10450.0,1.0325017047620025e-05
1080,10460.0,8.772277213206134e-06
1081,10462.8662109375,8.329095827987648e-06
1082,10470.0,9.777725408666392e-06
1083,10480.0,1.1812366475003679e-05
1084,10482.8720703125,1.2397578718772028e-05
1085,10490.0,1.5041630799360693e-05
1086,10500.0,1.8758275472493018e-05
1087,10502.876953125,1.9824474401601873e-05
1088,10510.0,1.9837586971107776e-05
1089,10520.0,1.9855946396200972e-05
1090,10522.8818359375,1.9861215764601015e-05
1091,10530.0,2.2502621281590267e-05
1092,10540.0,2.6215421154979132e-05
1093,10542.8876953125,2.7287978020227726e-05
1094,10550.0,3.250659883155982e-05
1095,10560.0,3.9847963563442665e-05
1096,10562.892578125,4.197236146731421e-05
1097,10570.0,4.538215664549504e-05
1098,10580.0,5.018204667456204e-05
1099,10582.8994140625,5.157427073058465e-05
1100,10590.0,5.8980188480576464e-05
1101,10600.0,6.941563031491148e-05
1102,10602.904296875,7.24460283879674e-05
1103,10610.0,8.090307158761747e-05
1104,10620.0,9.282625457712019e-05
1105,10630.0,0.00010475484960541103
1106,10640.0,0.00011668894200486611
1107,10650.0,0.0001286283668364322
1108,10660.0,0.00014057325959460304
1109,10670.0,0.00015252367232382907
1110,10672.9228515625,0.00015601762703109097
1111,10677.923828125,0.0001452662882704945
1112,10680.0,0.00015685952021354203
1113,10682.92578125,0.0001732424093692758
1114,10687.9267578125,0.00017459052902492014
1115,10690.0,0.00018434368867686492
1116,10692.9287109375,0.00019807892601871738
1117,10697.9296875,0.0001828389181102716
1118,10700.0,0.00019045393159197635
1119,10702.9306640625,0.00020123472299795017
1120,10707.9326171875,0.00017709218913469286
1121,10710.0,0.0001524223491996194
1122,10712.93359375,0.0001174121142588705
1123,10717.9345703125,0.000216393515548746
1124,10720.0,0.00031172536211519287
1125,10722.9365234375,0.000447279307871997
1126,10727.9384765625,0.0005632621593652477
1127,10730.0,0.0005332330645347764
1128,10732.939453125,0.0004904108133123194
1129,10737.94140625,0.0004487069466859821
1130,10740.0,0.00048058066708169786
1131,10742.9423828125,0.0005261438702888667
1132,10747.943359375,0.0005522178382940683
1133,10750.0,0.0005850936372059056
1134,10752.9453125,0.0006321811202897236
1135,10757.9462890625,0.0006684344591733003
1136,10760.0,0.0007202832185753375
1137,10762.9482421875,0.0007947251686936124
1138,10767.94921875,0.0008310872857252648
1139,10770.0,0.000873842793933631
1140,10772.9501953125,0.0009353574769589483
1141,10777.9521484375,0.0009444579899850582
1142,10780.0,0.000975234639922417
1143,10782.953125,0.0010196230454536247
1144,10787.9541015625,0.0013973280423943135
1145,10790.0,0.0014626990564656256
1146,10792.9560546875,0.0015571644735785782
1147,10797.95703125,0.001895452255744817
1148,10800.0,0.0019693584009178268
1149,10802.9580078125,0.0020764108880575146
1150,10807.9599609375,0.0021723752030769735
1151,10810.0,0.0022902051997130742
1152,10812.9609375,0.002461253789086743
1153,10817.9619140625,0.00279464207636814
1154,10820.0,0.002940938842624956
1155,10822.9638671875,0.003153725481474535
1156,10827.96484375,0.0035708989784197505
1157,10830.0,0.0037768138558706673
1158,10832.966796875,0.00407704072848607
1159,10837.9677734375,0.004627485695043634
1160,10840.0,0.0048866748745632314
1161,10842.96875,0.0052653752411505024
1162,10847.970703125,0.005941772483907187
1163,10850.0,0.006236068770287061
1164,10852.9716796875,0.0066671090128254725
1165,10857.97265625,0.007903403944836336
1166,10860.0,0.008351569254567108
1167,10862.974609375,0.00901156172051553
1168,10867.9755859375,0.010528622800306885
1169,10870.0,0.011171676563001184
1170,10872.9765625,0.012114659609003525
1171,10877.978515625,0.013788867052136887
1172,10880.0,0.014641469769020268
1173,10882.98046875,0.015898770868545124
1174,10887.9814453125,0.018407654950488364
1175,10890.0,0.0195445302322321
1176,10892.9833984375,0.02122514326913351
1177,10897.984375,0.024558306865070996
1178,10900.0,0.026154778486908416
1179,10902.986328125,0.028520531975452686
1180,10907.9873046875,0.03309111231999732
1181,10910.0,0.03519095567773346
1182,10912.98828125,0.03830924294747711
1183,10917.990234375,0.04434059635444295
1184,10920.0,0.04715184851624466
1185,10922.9912109375,0.051336787274240604
1186,10927.9921875,0.05955380677523448
1187,10930.0,0.06327114968358957
1188,10932.994140625,0.06881575534227215
1189,10937.9951171875,0.07938272354198504
1190,10940.0,0.08401201168181324
1191,10942.99609375,0.09093146010471806
1192,10947.998046875,0.10413426923928223
1193,10950.0,0.11000663610650198
1194,10952.9990234375,0.11880556253720505
1195,10958.0,0.13474348788942336
1196,10960.0,0.1416319090525797
1197,10963.001953125,0.15197360246895453
1198,10968.0029296875,0.169675608507394
1199,10970.0,0.1774889400059536
1200,10973.0048828125,0.18929682106880028
1201,10978.005859375,0.21012003496271803
1202,10980.0,0.21854146720114498
1203,10983.0068359375,0.2311884168859151
1204,10988.0087890625,0.2526362963122657
1205,10990.0,0.26104867950715016
1206,10993.009765625,0.27375054594836845
1207,10998.0107421875,0.29517626927247204
1208,11000.0,0.303410978779139
1209,11003.0126953125,0.31589519644341235
1210,11008.013671875,0.33567484298627287
1211,11010.0,0.34311500596032557
1212,11013.0146484375,0.354408782548295
1213,11018.0166015625,0.37153289692299724
1214,11020.0,0.37787325973774033
1215,11023.017578125,0.38752117952467685
1216,11028.0185546875,0.40179982938750525
1217,11030.0,0.4068382836343032
1218,11033.021484375,0.4145226234144206
1219,11038.0224609375,0.4255120189562297
1220,11040.0,0.42929778822365083
1221,11043.0244140625,0.4350886231310579
1222,11048.025390625,0.44329091964464773
1223,11050.0,0.44597408899256114
1224,11053.0263671875,0.45008709365284966
1225,11058.0283203125,0.45585530969220234
1226,11060.0,0.4577291667199857
1227,11063.029296875,0.46072841117942703
1228,11068.0302734375,0.46486793626686396
1229,11070.0,0.4662768301197344
1230,11073.0322265625,0.46832511658678466
1231,11078.033203125,0.47090513060084355
1232,11080.0,0.4717589158613496
1233,11083.0341796875,0.47307626231068106
1234,11088.0361328125,0.4748438125563283
1235,11090.0,0.47545186699409364
1236,11093.037109375,0.4763923689082415
1237,11098.0380859375,0.4776483512782557
1238,11100.0,0.4780907313196906
1239,11103.0400390625,0.478776318620264
1240,11108.041015625,0.4796990664697365
1241,11110.0,0.48002133822025195
1242,11113.0419921875,0.48052185222145466
1243,11118.0439453125,0.48133581398248654
1244,11120.0,0.4816303978765697
1245,11123.044921875,0.4820890364901061
1246,11128.046875,0.48270936499628603
1247,11130.0,0.48293713418529527
1248,11133.0478515625,0.4832926212644901
1249,11138.048828125,0.4838911660101099
1250,11140.0,0.4840774870619671
1251,11143.05078125,0.4844955932512231
1252,11148.0517578125,0.48510227079942997
1253,11150.0,0.48533794117073714
1254,11153.052734375,0.4855803277046718
1255,11158.0546875,0.48593155130947197
1256,11160.0,0.48603048431939827
1257,11163.0556640625,0.486185907071751
1258,11168.056640625,0.48637009762382144
1259,11170.0,0.48639141489146676
1260,11173.05859375,0.486424965974102
1261,11178.0595703125,0.4865864882554343
1262,11180.0,0.48664367296693134
1263,11183.060546875,0.4867338774321269
1264,11188.0634765625,0.4868823091096203
1265,11190.0,0.4869378388077029
1266,11193.064453125,0.4870257211914508
1267,11198.06640625,0.4871327734525365
1268,11200.0,0.4871911766434081
1269,11203.0673828125,0.48741971311925936
1270,11208.068359375,0.48781320826713515
1271,11210.0,0.4879734614849497
1272,11213.0703125,0.4880999552772264
1273,11218.0712890625,0.4883779430323241
1274,11220.0,0.4885049174953831
1275,11223.072265625,0.48870720773505216
1276,11228.07421875,0.4888982567402496
1277,11230.0,0.4889579730983423
1278,11233.0751953125,0.4890533423931464
1279,11238.076171875,0.48927236303065497
1280,11240.0,0.48934491375386713
1281,11243.078125,0.48946100970327894
1282,11248.0791015625,0.48961471547707375
1283,11250.0,0.4896562260571104
1284,11253.080078125,0.4897227918745308
1285,11258.08203125,0.48975384057114957
1286,11260.0,0.489723304734286
1287,11263.0830078125,0.48967420384166993
1288,11268.0849609375,0.48963668816182737
1289,11270.0,0.4896528170956103
1290,11273.0859375,0.48980818790971764
1291,11278.0869140625,0.4899451447883187
1292,11280.0,0.489954392083062
1293,11283.0888671875,0.48983980755265655
1294,11288.08984375,0.48967905900178427
1295,11290.0,0.48959608904284496
1296,11293.0908203125,0.48946180279381996
1297,11298.0927734375,0.4891788193983806
1298,11300.0,0.48906156820175667
1299,11303.09375,0.4888713294022795
1300,11308.0947265625,0.48842479407959855
1301,11310.0,0.4882835478069085
1302,11313.0966796875,0.48805392659349767
1303,11318.09765625,0.48762430516329314
1304,11320.0,0.48746820329803364
1305,11323.0986328125,0.4872138813308436
1306,11328.1005859375,0.4868221292834378
1307,11330.0,0.4866709685006005
1308,11333.1015625,0.48655313081697676
1309,11338.103515625,0.4863724280482899
1310,11340.0,0.48632427289497265
1311,11343.10546875,0.48611626598545754
1312,11348.1064453125,0.4858682751681677
1313,11350.0,0.4858382696815483
1314,11353.1083984375,0.4857889970737287
1315,11358.109375,0.48576625845209387
1316,11360.0,0.485759965762347
1317,11363.1103515625,0.485749604183239
1318,11368.1123046875,0.48572119786044443
1319,11370.0,0.48566405287120035
1320,11373.11328125,0.48556978141765794
1321,11378.1142578125,0.4856632581579516
1322,11380.0,0.48576049144971806
1323,11383.1162109375,0.4860506214589777
1324,11388.1171875,0.4866191629728117
1325,11390.0,0.48684392476405125
1326,11393.1181640625,0.487086591121733
1327,11398.1201171875,0.4875479722440778
1328,11400.0,0.4877268275596602
1329,11403.12109375,0.48803488072436213
1330,11408.123046875,0.488499511395035
1331,11410.0,0.48871288819821745
1332,11413.1240234375,0.4890681051105195
1333,11418.125,0.48956785734771585
1334,11420.0,0.4897681077868686
1335,11423.126953125,0.4901021322920086
1336,11428.1279296875,0.4905311356295481
1337,11430.0,0.49069636620080087
1338,11433.12890625,0.490972578313006
1339,11438.130859375,0.49136812391299434
1340,11440.0,0.49146121715113616
1341,11443.1318359375,0.4917487133785521
1342,11448.1328125,0.49213376281222676
1343,11450.0,0.49225955666414173
1344,11453.134765625,0.49233909705995643
1345,11458.1357421875,0.49235926528071244
1346,11460.0,0.49235052761715714
1347,11463.13671875,0.49233581244840896
1348,11468.138671875,0.492287193133699
1349,11470.0,0.4922868342025501
1350,11473.1396484375,0.4922862183801145
1351,11478.1416015625,0.4920217911960057
1352,11480.0,0.4919105037293088
1353,11483.142578125,0.4917222623797235
1354,11488.1435546875,0.49137736380556324
1355,11490.0,0.49126040987420266
1356,11493.146484375,0.4911939565775182
1357,11498.1474609375,0.4911011700960054
1358,11500.0,0.4910802153552681
1359,11503.1484375,0.4909045247885764
1360,11508.150390625,0.4905646908663129
1361,11510.0,0.49046159319627275
1362,11513.1513671875,0.49028589189458144
1363,11518.15234375,0.4901501117457414
1364,11520.0,0.4900926990378991
1365,11523.154296875,0.48999465683463395
1366,11528.1552734375,0.4899632520923247
1367,11530.0,0.4899182240035985
1368,11533.15625,0.4898411590947814
1369,11538.158203125,0.4900935966059854
1370,11540.0,0.49024218457606167
1371,11543.1591796875,0.4906292045230589
1372,11548.1611328125,0.4913774873278171
1373,11550.0,0.4917064536574995
1374,11553.162109375,0.49213984362910634
1375,11558.1630859375,0.4929374689734055
1376,11560.0,0.49326798841971775
1377,11563.1650390625,0.49383758455587295
1378,11568.166015625,0.4948537190034855
1379,11570.0,0.4952569323410313
1380,11573.1669921875,0.495953345808145
1381,11578.1689453125,0.4972517866751865
1382,11580.0,0.49772427736849584
1383,11583.169921875,0.49854240708228525
1384,11588.1708984375,0.4998294140867625
1385,11590.0,0.5002687850122571
1386,11593.1728515625,0.5011664814227482
1387,11598.173828125,0.5026474802296078
1388,11600.0,0.5031614911294721
1389,11603.1748046875,0.5039203920226777
1390,11608.1767578125,0.5050602665362965
1391,11610.0,0.5054580101344834
1392,11613.177734375,0.5061513692941833
1393,11618.1796875,0.507147621594288
1394,11620.0,0.5074385233330712
1395,11623.1806640625,0.507946914366738
1396,11628.181640625,0.5087547810942975
1397,11630.0,0.5089472285398389
1398,11633.18359375,0.5094222193876877
1399,11638.1845703125,0.5101082699553747
1400,11640.0,0.5102953294026262
1401,11643.185546875,0.5104853871670219
1402,11648.1884765625,0.5106442847334767
1403,11650.0,0.510619686428464
1404,11653.189453125,0.510576359602291
1405,11658.1904296875,0.5103749884268941
1406,11660.0,0.5102444534982239
1407,11663.1923828125,0.5100141126349538
1408,11668.193359375,0.5094817103841044
1409,11670.0,0.5093058220767911
1410,11673.1943359375,0.5089947607678343
1411,11678.1962890625,0.508398487081508
1412,11680.0,0.508172496785969
1413,11683.197265625,0.5079098732446772
1414,11688.19921875,0.5074480403091125
1415,11690.0,0.507258275655409
1416,11693.2001953125,0.5067829375128524
1417,11698.201171875,0.5061413080546725
1418,11700.0,0.5059054563819307
1419,11703.203125,0.5054853879926311
1420,11708.2041015625,0.5049373964569487
1421,11710.0,0.5047456067901087
1422,11713.205078125,0.5044032484132864
1423,11718.20703125,0.5038449117502879
1424,11720.0,0.5036995574662799
1425,11723.2080078125,0.5035766324014824
1426,11728.208984375,0.5034580851597371
1427,11730.0,0.503490622047647
1428,11733.2109375,0.5034116881247421
1429,11738.2119140625,0.5032447704965818
1430,11740.0,0.5032716350562029
1431,11743.212890625,0.5033199067882573
1432,11748.21484375,0.5034435675858079
1433,11750.0,0.5035106176550683
1434,11753.2158203125,0.5036314183376915
1435,11758.2177734375,0.5038726000248095
1436,11760.0,0.5040285344099448
1437,11763.21875,0.5043102036873988
1438,11768.2197265625,0.5047270203342712
1439,11770.0,0.5048882444477609
1440,11773.2216796875,0.5053182206579689
1441,11778.22265625,0.5060311337406168
1442,11780.0,0.5062833516792798
1443,11783.2236328125,0.5066024766346664
1444,11788.2255859375,0.5071442421779382
1445,11790.0,0.5073289082862077
1446,11793.2265625,0.5076647600947675
1447,11798.2275390625,0.5080687504666664
1448,11800.0,0.5081980021691198
1449,11803.23046875,0.5084110925671963
1450,11808.2314453125,0.5087066145284336
1451,11810.0,0.508808358671956
1452,11813.232421875,0.5091338774556015
1453,11818.234375,0.509549251543366
1454,11820.0,0.5096393070047748
1455,11823.2353515625,0.5096646042130575
1456,11828.2373046875,0.5096686110120592
1457,11830.0,0.5096419215576286
1458,11833.23828125,0.5095928787503502
1459,11838.2392578125,0.5093854783743269
1460,11840.0,0.5093215236842539
1461,11843.2412109375,0.5092037743695399
1462,11848.2421875,0.5089270067502661
1463,11850.0,0.5087840014899134
1464,11853.2431640625,0.5086598877382111
1465,11858.2451171875,0.5085180185695991
1466,11860.0,0.5084421338587961
1467,11863.24609375,0.5081619260524424
1468,11868.2470703125,0.5077705800339228
1469,11870.0,0.5076041421299694
1470,11873.2490234375,0.5072956070986124
1471,11878.25,0.5068162823834643
1472,11880.0,0.5066742551441082
1473,11883.2509765625,0.5064103715473374
1474,11888.2529296875,0.5060710758096709
1475,11890.0,0.5059679444937819
1476,11893.25390625,0.5059151916772086
1477,11898.255859375,0.5058239186529097
1478,11900.0,0.505903716045124
1479,11903.2568359375,0.5059133186892228
1480,11908.2578125,0.5059248691860295
1481,11910.0,0.505939714933075
1482,11913.259765625,0.5059674915254753
1483,11918.2607421875,0.5059848563340759
1484,11920.0,0.5060181614832734
1485,11923.26171875,0.5060806239715183
1486,11928.263671875,0.5063059408368261
1487,11930.0,0.5064075760544825
1488,11933.2646484375,0.5065986914667214
1489,11938.265625,0.5069294514970987
1490,11940.0,0.5070310026548862
1491,11943.267578125,0.507362555434944
1492,11948.2685546875,0.5077675160443333
1493,11950.0,0.5080296928223189
1494,11953.26953125,0.5083844646889838
1495,11958.2724609375,0.5089536533101272
1496,11960.0,0.5091501090665785
1497,11963.2734375,0.5095224088961389
1498,11968.275390625,0.5100591501565075
1499,11970.0,0.5102748397327901
1500,11973.2763671875,0.5106846504926794
1501,11978.27734375,0.5114131751146628
1502,11980.0,0.5115825213068584
1503,11983.279296875,0.5120468389375178
1504,11988.2802734375,0.5126693653354574
1505,11990.0,0.5128626632147881
1506,11993.28125,0.5130893974372768
1507,11998.283203125,0.5133298513877108
1508,12000.0,0.5134084172928173
1509,12003.2841796875,0.5135794094578146
1510,12008.28515625,0.513827720277609
1511,12010.0,0.513926094953479
1512,12013.287109375,0.5141146932010966
1513,12018.2880859375,0.5143790007714621
1514,12020.0,0.514471303571357
1515,12023.2890625,0.514791623958696
1516,12028.291015625,0.5151402982935318
1517,12030.0,0.5152283264920837
1518,12033.2919921875,0.5152547717530372
1519,12038.2939453125,0.5152182501853955
1520,12040.0,0.5151985218135571
1521,12043.294921875,0.5151604044739722
1522,12048.2958984375,0.514931939500642
1523,12050.0,0.5148912692842342
1524,12053.2978515625,0.5148125389428589
1525,12058.298828125,0.5147291197884712
1526,12060.0,0.5147358740885443
1527,12063.2998046875,0.5148923157714891
1528,12068.3017578125,0.5150525563225093
1529,12070.0,0.515119357490201
1530,12073.302734375,0.5151058037212778
1531,12078.3037109375,0.5151755475290158
1532,12080.0,0.5152389870173231
1533,12083.3056640625,0.5153626309831458
1534,12088.306640625,0.515573087941985
1535,12090.0,0.515657321821206
1536,12093.30859375,0.5158219267350194
1537,12098.3095703125,0.5160149383018687
1538,12100.0,0.5161037456570785
1539,12103.310546875,0.5164218097964951
1540,12108.3134765625,0.5169148927941166
1541,12110.0,0.5170763416938573
1542,12113.314453125,0.5172492902294376
1543,12118.3154296875,0.5175992034952113
1544,12120.0,0.5177126082319834
1545,12123.3173828125,0.5179359680397221
1546,12128.318359375,0.5182355551219375
1547,12130.0,0.5183556317288184
1548,12133.3193359375,0.5185926843215337
1549,12138.3212890625,0.5188754562126333
1550,12140.0,0.5189796653864548
1551,12143.322265625,0.5193312358135541
1552,12148.3232421875,0.5198458337920172
1553,12150.0,0.5199780294872144
1554,12153.3251953125,0.5200946879952378
1555,12158.326171875,0.5202462225666338
1556,12160.0,0.520195363259229
1557,12163.328125,0.520094210090514
1558,12168.3291015625,0.5201795791364452
1559,12170.0,0.5201613776742233
1560,12173.330078125,0.5201250869039392
1561,12178.33203125,0.5200177512699258
1562,12180.0,0.519990469271015
1563,12183.3330078125,0.520081812250777
1564,12188.333984375,0.5201556950687829
1565,12190.0,0.520145395078553
1566,12193.3359375,0.5199787646939666
1567,12198.3369140625,0.5197693944694441
1568,12200.0,0.5196901507720305
1569,12203.337890625,0.5195151443822765
1570,12208.33984375,0.5190950977063812
1571,12210.0,0.5189414073718354
1572,12213.3408203125,0.5187778084051369
1573,12218.341796875,0.5185191050568299
1574,12220.0,0.5184307446132805
1575,12223.34375,0.5181067896431105
1576,12228.3447265625,0.5175973874908176
1577,12230.0,0.5173867836537452
1578,12233.3466796875,0.5169609111984428
1579,12238.34765625,0.5164956708170424
1580,12240.0,0.5163801450869707
1581,12243.3486328125,0.5161459817663625
1582,12248.3505859375,0.5158192624794693
1583,12250.0,0.515737109945934
1584,12253.3515625,0.5157153454923321
1585,12258.3525390625,0.5158665739243091
1586,12260.0,0.5159263198113342
1587,12263.35546875,0.5159026514081358
1588,12268.3564453125,0.5161489975731938
1589,12270.0,0.5161675427316095
1590,12273.357421875,0.5162054269712613
1591,12278.359375,0.5164325657891758
1592,12280.0,0.5165384418249678
1593,12283.3603515625,0.5167553254320008
1594,12288.361328125,0.5170749457304192
1595,12290.0,0.5172254216238313
1596,12293.36328125,0.5176804592174056
1597,12298.3642578125,0.5184392649494203
1598,12300.0,0.5187016434556949
1599,12303.3662109375,0.5190952133035316
1600,12308.3671875,0.5197440671622093
1601,12310.0,0.5199773895874678
1602,12313.3681640625,0.5204587523956646
1603,12318.3701171875,0.5212193460498313
1604,12320.0,0.5214650121762071
1605,12323.37109375,0.5219731939402522
1606,12328.3720703125,0.5227121624957108
1607,12330.0,0.522960413583574
1608,12333.3740234375,0.523623167371467
1609,12338.375,0.524597180943559
1610,12340.0,0.5248951247242148
1611,12343.3759765625,0.5253657128830489
1612,12348.3779296875,0.5260414538927562
1613,12350.0,0.5262447583762145
1614,12353.37890625,0.5266683153411948
1615,12358.3798828125,0.5271859107116303
1616,12360.0,0.5273368361193917
1617,12363.3818359375,0.5276519191700472
1618,12368.3828125,0.5280403657386068
1619,12370.0,0.5281394858609026
1620,12373.384765625,0.5284968780473486
1621,12378.3857421875,0.5289059972264827
1622,12380.0,0.5290372119931926
1623,12383.38671875,0.5291624655112996
1624,12388.388671875,0.5291882159208922
1625,12390.0,0.5291905858163144
1626,12393.3896484375,0.5291955667706754
1627,12398.390625,0.5291510367104014
1628,12400.0,0.529085798572731
1629,12403.392578125,0.5289697623055132
1630,12408.3935546875,0.5288206901658884
1631,12410.0,0.5287521323215436
1632,12413.39453125,0.5287575139171543
1633,12418.3974609375,0.5287198927804944
1634,12420.0,0.5287054742820063
1635,12423.3984375,0.5285244608332088
1636,12428.3994140625,0.528222743051393
1637,12430.0,0.5280882482680473
1638,12433.4013671875,0.5278023670327574
1639,12438.40234375,0.52742238500078
1640,12440.0,0.5273494071024628
1641,12443.404296875,0.5271938626494923
1642,12448.4052734375,0.5270361356322327
1643,12450.0,0.526992910428012
1644,12453.40625,0.5270507319385324
1645,12458.408203125,0.5272509990029007
1646,12460.0,0.5273278299656545
1647,12463.4091796875,0.5273420713867691
1648,12468.41015625,0.5274030892587909
1649,12470.0,0.5274801116124289
1650,12473.412109375,0.5276454398818595
1651,12478.4130859375,0.5279882110875844
1652,12480.0,0.528077540685343
1653,12483.4140625,0.5282697520637737
1654,12488.416015625,0.5285356172558249
1655,12490.0,0.5286410090068923
1656,12493.4169921875,0.5290195034383524
1657,12498.41796875,0.5296286483060724
1658,12500.0,0.5298309007963413
1659,12503.419921875,0.5300759746497217
1660,12508.4208984375,0.5304398166885943
1661,12510.0,0.5305442360092484
1662,12513.4228515625,0.5307705896973949
1663,12518.423828125,0.5311481632020221
1664,12520.0,0.5312748874989217
1665,12523.4248046875,0.5315502614815332
1666,12528.4267578125,0.5318528809196429
1667,12530.0,0.5319407179339829
1668,12533.427734375,0.5322844768536341
1669,12538.4287109375,0.5327791491055655
1670,12540.0,0.5328904962198894
1671,12543.4306640625,0.5329810286956006
1672,12548.431640625,0.5330639475866371
1673,12550.0,0.5330800528240976
1674,12553.4326171875,0.5331152988914858
1675,12558.4345703125,0.5330064370989779
1676,12560.0,0.5329646879653218
1677,12563.435546875,0.533025870115247
1678,12568.4365234375,0.5330019196308494
1679,12570.0,0.5329683354940867
1680,12573.439453125,0.5327415031237692
1681,12578.4404296875,0.5322669505678057
1682,12580.0,0.5321077456296696
1683,12583.4423828125,0.5317562994135132
1684,12588.443359375,0.5311865959175478
1685,12590.0,0.5309902185193275
1686,12593.4443359375,0.5305556530027525
1687,12598.4462890625,0.5298405676642007
1688,12600.0,0.5296022545305277
1689,12603.447265625,0.5292178576004924
1690,12608.4482421875,0.5286584970245463
1691,12610.0,0.5284824542559327
1692,12613.4501953125,0.5279389703590522
1693,12618.451171875,0.5271689279606704
1694,12620.0,0.5269089453823924
1695,12623.4521484375,0.5263294296764056
1696,12628.4541015625,0.525490830005322
1697,12630.0,0.5252640204055089
1698,12633.455078125,0.5247570605656182
1699,12638.45703125,0.5241002017334352
1700,12640.0,0.5238624499051208
1701,12643.4580078125,0.5234803675685293
1702,12648.458984375,0.5230851674785374
1703,12650.0,0.5230334109229228
1704,12653.4609375,0.522766401444605
1705,12658.4619140625,0.5223481767601897
1706,12660.0,0.5222694920030952
1707,12663.462890625,0.5220923214844051
1708,12668.46484375,0.5220208409809132
1709,12670.0,0.5220222299119586
1710,12673.4658203125,0.5220253611074798
1711,12678.466796875,0.5222826630700024
1712,12680.0,0.5223590197376582
1713,12683.46875,0.5226827038735925
1714,12688.4697265625,0.5231534489132572
1715,12690.0,0.5233330802602857
1716,12693.470703125,0.5235894190535778
1717,12698.47265625,0.5240152079438606
1718,12700.0,0.5241402404337959
1719,12703.4736328125,0.5244246169673746
1720,12708.4755859375,0.5248834070912491
1721,12710.0,0.5250872252203101
1722,12713.4765625,0.5255520790940036
1723,12718.4775390625,0.5263780976814326
1724,12720.0,0.5266144777683324
1725,12723.48046875,0.5273075255770688
1726,12728.4814453125,0.5283799738486199
1727,12730.0,0.5287639041951894
1728,12733.482421875,0.5294914359283689
1729,12738.484375,0.53047273188026
1730,12740.0,0.530752021760387
1731,12743.4853515625,0.5313943214519896
1732,12748.486328125,0.5322661319755322
1733,12750.0,0.532497096097924
1734,12753.48828125,0.5330293897103972
1735,12758.4892578125,0.5338032006417726
1736,12760.0,0.5340356447499801
1737,12763.490234375,0.534572688610206
1738,12768.4921875,0.5351293116849078
1739,12770.0,0.5353252995938846
1740,12773.4931640625,0.5359349562448128
1741,12778.4951171875,0.5368593631898871
1742,12780.0,0.5370854207257759
1743,12783.49609375,0.5374546950740479
1744,12788.4970703125,0.5380038657394014
1745,12790.0,0.5381749764447216
1746,12793.4990234375,0.5385733686933065
1747,12798.5,0.5389578427206916
1748,12800.0,0.5390865031383971
1749,12803.5009765625,0.5393556162555625
1750,12808.5029296875,0.5399246376971244
1751,12810.0,0.5399808326165946
1752,12813.50390625,0.5402695445967372
1753,12818.5048828125,0.5405986633366714
1754,12820.0,0.5407107121035662
1755,12823.5068359375,0.540816167050744
1756,12828.5078125,0.5408664804282153
1757,12830.0,0.5408539305727399
1758,12833.5087890625,0.5408244175019408
1759,12838.5107421875,0.5408191380563508
1760,12840.0,0.5408016898043815
1761,12843.51171875,0.5407605435476168
1762,12848.513671875,0.5406376124378258
1763,12850.0,0.5406002542084487
1764,12853.5146484375,0.5406695536499054
1765,12858.515625,0.540681137157316
1766,12860.0,0.54068895307075
1767,12863.517578125,0.5405497630258549
1768,12868.5185546875,0.5403474688041695
1769,12870.0,0.5402653620619918
1770,12873.51953125,0.5400702967747082
1771,12878.5224609375,0.5397370069173918
1772,12880.0,0.5396426027716785
1773,12883.5234375,0.5394174798723179
1774,12888.5244140625,0.5389229528302906
1775,12890.0,0.5387962144718639
1776,12893.5263671875,0.5386507983820059
1777,12898.52734375,0.538387472073562
1778,12900.0,0.5382670483334222
1779,12903.5283203125,0.5378211198185935
1780,12908.5302734375,0.5369885942968161
1781,12910.0,0.5368029925609589
1782,12913.53125,0.536357057255679
1783,12918.533203125,0.535536688962998
1784,12920.0,0.5353181888777581
1785,12923.5341796875,0.5347917261023081
1786,12928.53515625,0.5340534411143013
1787,12930.0,0.5337636716813701
1788,12933.537109375,0.5332201832371699
1789,12938.5380859375,0.5324949996631091
1790,12940.0,0.5322893127951364
1791,12943.5390625,0.531635370207732
1792,12948.541015625,0.5306148659130596
1793,12950.0,0.5302930227124673
1794,12953.5419921875,0.5295116867881208
1795,12958.54296875,0.528362207935881
1796,12960.0,0.5280387980808131
1797,12963.544921875,0.5272519561149667
1798,12968.5458984375,0.526172490050407
1799,12970.0,0.5258649514719822
1800,12973.5478515625,0.525114596386748
1801,12978.548828125,0.5241233575619431
1802,12980.0,0.5238139970027846
1803,12983.5498046875,0.5232109681407965
1804,12988.5517578125,0.5223077283292807
1805,12990.0,0.5220737702671091
1806,12993.552734375,0.5213463357307403
1807,12998.5537109375,0.5204712880671295
1808,13000.0,0.5201919625491631
1809,13003.5556640625,0.5195681666301991
1810,13008.556640625,0.5187984971393418
1811,13010.0,0.5186049735045656
1812,13013.5576171875,0.5181278920480387
1813,13018.5595703125,0.5176005540428724
1814,13020.0,0.5174465572808925
1815,13023.560546875,0.517218117150912
1816,13028.5615234375,0.5171983250371351
1817,13030.0,0.5171965972636761
1818,13033.564453125,0.5170399025093254
1819,13038.5654296875,0.5168922463741497
1820,13040.0,0.516929148159818
1821,13043.5673828125,0.5170209216176037
1822,13048.568359375,0.5171617564693903
1823,13050.0,0.5172524081241286
1824,13053.5693359375,0.5174784489419026
1825,13058.5712890625,0.5179169216081649
1826,13060.0,0.5180655756907513
1827,13063.572265625,0.5184373147416438
1828,13068.5732421875,0.5191631097918943
1829,13070.0,0.5193870714737963
1830,13073.5751953125,0.5201019800042597
1831,13078.576171875,0.5212019629993798
1832,13080.0,0.5215503317938927
1833,13083.5771484375,0.5222716990923707
1834,13088.5791015625,0.5233403121412479
1835,13090.0,0.5236609785778249
1836,13093.580078125,0.524469047625606
1837,13098.5810546875,0.5257172732012544
1838,13100.0,0.5260893652226014
1839,13103.5830078125,0.5270290850295146
1840,13108.583984375,0.5283806163547057
1841,13110.0,0.5287717800141962
1842,13113.5859375,0.529762518912151
1843,13118.5869140625,0.5310716654486709
1844,13120.0,0.531457003174764
1845,13123.587890625,0.5325932968887535
1846,13128.58984375,0.5341196176756959
1847,13130.0,0.5345306992142672
1848,13133.5908203125,0.5354193405416589
1849,13138.591796875,0.5366850565423135
1850,13140.0,0.5370159746354549
1851,13143.59375,0.5378606087282367
1852,13148.5947265625,0.5389737705880409
1853,13150.0,0.5392440018233361
1854,13153.595703125,0.539935551471528
1855,13158.59765625,0.540933771145342
1856,13160.0,0.5411925343766056
1857,13163.5986328125,0.5420175539671462
1858,13168.599609375,0.5431461044070143
1859,13170.0,0.5434407599867699
1860,13173.6015625,0.5440373577224685
1861,13178.6025390625,0.544766523431846
1862,13180.0,0.544940091119465
1863,13183.60546875,0.54538796286916
1864,13188.6064453125,0.546071329253029
1865,13190.0,0.5462302961486113
1866,13193.607421875,0.5466418643212991
1867,13198.609375,0.5470600168540365
1868,13200.0,0.5471626857003555
1869,13203.6103515625,0.5473880919805013
1870,13208.611328125,0.5475778413604986
1871,13210.0,0.5475977407809337
1872,13213.61328125,0.5478126423082733
1873,13218.6142578125,0.5481647790321491
1874,13220.0,0.5481995070627844
1875,13223.615234375,0.5481268559522869
1876,13228.6171875,0.5481618112102
1877,13230.0,0.5481646990403112
1878,13233.6181640625,0.5481722547345105
1879,13238.6201171875,0.5481575864007374
1880,13240.0,0.5481738434169853
1881,13243.62109375,0.5482165066354026
1882,13248.6220703125,0.5483105438838443
1883,13250.0,0.5483370845393252
1884,13253.6240234375,0.5484068907284927
1885,13258.625,0.5483297502124781
1886,13260.0,0.5483108505902982
1887,13263.6259765625,0.5482610074261276
1888,13268.6279296875,0.5481158063778415
1889,13270.0,0.5480701549987976
1890,13273.62890625,0.5481132086280257
1891,13278.6298828125,0.548022818358385
1892,13280.0,0.5479993912116505
1893,13283.6318359375,0.5477734396250565
1894,13288.6328125,0.5475644025439848
1895,13290.0,0.5474812998708775
1896,13293.6337890625,0.5472604122079942
1897,13298.6357421875,0.5470133936534581
1898,13300.0,0.5469284772065792
1899,13303.63671875,0.5467021014718028
1900,13308.638671875,0.5464834241811911
1901,13310.0,0.5463606680916646
1902,13313.6396484375,0.5460324488910161
1903,13318.640625,0.5454284076670297
1904,13320.0,0.5452672616316987
1905,13323.642578125,0.5449987613362427
1906,13328.6435546875,0.5445742313121008
1907,13330.0,0.5443921162887088
1908,13333.64453125,0.5437395460226154
1909,13338.6474609375,0.5429317653407496
1910,13340.0,0.5426680702817626
1911,13343.6484375,0.5419567211019312
1912,13348.6494140625,0.540774686747099
1913,13350.0,0.5404887221254121
1914,13353.6513671875,0.5397155622545902
1915,13358.65234375,0.5385892101056385
1916,13360.0,0.5382746575961287
1917,13363.6533203125,0.5374219003072374
1918,13368.6552734375,0.5362617829969971
1919,13370.0,0.5359278417556098
1920,13373.65625,0.535019821379017
1921,13378.658203125,0.533842649659616
1922,13380.0,0.5335092280553433
1923,13383.6591796875,0.5327601902360767
1924,13388.66015625,0.5317544629433822
1925,13390.0,0.5315034885687427
1926,13393.662109375,0.5306574333877333
1927,13398.6630859375,0.5296276936233297
1928,13400.0,0.5293458050403015
1929,13403.6640625,0.5284679424863465
1930,13408.666015625,0.5271934723953025
1931,13410.0,0.5268727232283893
1932,13413.6669921875,0.5259911899089206
1933,13418.66796875,0.5248653951885959
1934,13420.0,0.5245796883741223
1935,13423.669921875,0.5237926825815569
1936,13428.6708984375,0.522700774725118
1937,13430.0,0.5224597000958086
1938,13433.671875,0.5217938171670864
1939,13438.673828125,0.5210655071618835
1940,13440.0,0.5209465322003553
1941,13443.6748046875,0.520774119282289
1942,13448.6767578125,0.5205951710102619
1943,13450.0,0.5205576997094388
1944,13453.677734375,0.5202963764087551
1945,13458.6787109375,0.51994061491792
1946,13460.0,0.5198376315695042
1947,13463.6806640625,0.5195507998785653
1948,13468.681640625,0.5194980119630627
1949,13470.0,0.5195391718635689
1950,13473.6826171875,0.5196541023041915
1951,13478.6845703125,0.5200183366860979
1952,13480.0,0.5200616885743607
1953,13483.685546875,0.5201831067442424
1954,13488.6865234375,0.5203638777459937
1955,13490.0,0.5204478070680526
1956,13493.689453125,0.5206834885064623
1957,13498.6904296875,0.5212540271148924
1958,13500.0,0.521407865088734
1959,13503.6923828125,0.5219743828655373
1960,13508.693359375,0.5226972426920878
1961,13510.0,0.5229356992369282
1962,13513.6943359375,0.5234513132235242
1963,13518.6962890625,0.5240896914899371
1964,13520.0,0.524226978824858
1965,13523.697265625,0.5246161838866611
1966,13528.6982421875,0.525243771120155
1967,13530.0,0.5254476386691144
1968,13533.7001953125,0.5260269341320543
1969,13538.701171875,0.527001254739383
1970,13540.0,0.5271681174557002
1971,13543.7021484375,0.5276435783978197
1972,13548.7041015625,0.5280782964751064
1973,13550.0,0.5282960708730998
1974,13553.705078125,0.5289185028409034
1975,13558.7060546875,0.5296151592051268
1976,13560.0,0.5298392034166298
1977,13563.7080078125,0.5304810296961898
1978,13568.708984375,0.5309825644237811
1979,13570.0,0.531133926719002
1980,13573.7109375,0.5317306882974845
1981,13578.7119140625,0.5326268621233876
1982,13580.0,0.5327975220014908
1983,13583.712890625,0.5331272055066659
1984,13588.71484375,0.5338039510525413
1985,13590.0,0.5339536518838155
1986,13593.7158203125,0.5343863384587881
1987,13598.716796875,0.5348082367617616
1988,13600.0,0.5349763032872411
1989,13603.71875,0.5350874847705411
1990,13608.7197265625,0.5351718781288007
1991,13610.0,0.5351489805407803
1992,13613.720703125,0.53508204420983
1993,13618.72265625,0.5348682919683456
1994,13620.0,0.5348494712810354
1995,13623.7236328125,0.5347941988174578
1996,13628.724609375,0.5347769383047941
1997,13630.0,0.5347602149636215
1998,13633.7265625,0.5347109344564691
1999,13638.7275390625,0.5346846305940252
2000,13640.0,0.53466145466762
2001,13643.73046875,0.5345931151341249
2002,13648.7314453125,0.5343421709420946
2003,13650.0,0.5343191837960048
2004,13653.732421875,0.5344145883200492
2005,13658.734375,0.5344323330991962
2006,13660.0,0.5344787081833472
2007,13663.7353515625,0.5344516287168417
2008,13668.736328125,0.5341977900615319
2009,13670.0,0.5341393261785096
2010,13673.73828125,0.5339661056889816
2011,13678.7392578125,0.5336018760839942
2012,13680.0,0.5335086111326741
2013,13683.740234375,0.5332317823253877
2014,13688.7421875,0.533003748748071
2015,13690.0,0.532933036531948
2016,13693.7431640625,0.5327223782345092
2017,13698.7451171875,0.5323241605976553
2018,13700.0,0.5322035326914442
2019,13703.74609375,0.5318433948052141
2020,13708.7470703125,0.5312406991344583
2021,13710.0,0.5310958369153156
2022,13713.7490234375,0.5306624330295469
2023,13718.75,0.5301940641726358
2024,13720.0,0.5300857484195212
2025,13723.7509765625,0.5297606347519054
2026,13728.7529296875,0.5291652294647203
2027,13730.0,0.5290048745706357
2028,13733.75390625,0.5285222928115255
2029,13738.7548828125,0.5278242956147416
2030,13740.0,0.5276334695355456
2031,13743.7568359375,0.5272201065202006
2032,13748.7578125,0.5265583115021829
2033,13750.0,0.5263839572898342
2034,13753.7587890625,0.5256947572711291
2035,13758.7607421875,0.5246731603855398
2036,13760.0,0.5244169265686919
2037,13763.76171875,0.5236396267439555
2038,13768.763671875,0.5228286716724929
2039,13770.0,0.5224936849778391
2040,13773.7646484375,0.5214744368587906
2041,13778.765625,0.5204166853318102
2042,13780.0,0.5200759828445412
2043,13783.767578125,0.5190369073621955
2044,13788.7685546875,0.5177024559146853
2045,13790.0,0.5173335369493378
2046,13793.76953125,0.5162051902077321
2047,13798.7724609375,0.5144563907520295
2048,13800.0,0.5139973978384784
2049,13803.7734375,0.5126997054032004
2050,13808.7744140625,0.5107295483567744
2051,13810.0,0.5102598261861976
2052,13813.7763671875,0.5088136345724997
2053,13818.77734375,0.5067019945157422
2054,13820.0,0.5061875441950162
2055,13823.7783203125,0.504599054331684
2056,13828.7802734375,0.5024541704222897
2057,13830.0,0.501942756677948
2058,13833.78125,0.5011103442788268
2059,13838.783203125,0.5000069149644379
2060,13840.0,0.499728443041307
2061,13843.7841796875,0.49886122935929605
2062,13848.78515625,0.49762262119273165
2063,13850.0,0.4973751043677101
2064,13853.787109375,0.4967563324436858
2065,13858.7880859375,0.4962376883651922
2066,13860.0,0.49617875066790873
2067,13863.7890625,0.4958400721833249
2068,13868.791015625,0.495723984993393
2069,13870.0,0.49573028823337534
2070,13873.7919921875,0.4957497746388628
2071,13878.79296875,0.49584449094245936
2072,13880.0,0.49603910174762084
2073,13883.794921875,0.49665127033025186
2074,13888.7958984375,0.4977194058862866
2075,13890.0,0.49806377819519726
2076,13893.7978515625,0.499150744287639
2077,13898.798828125,0.5009782596518159
2078,13900.0,0.5014399612685382
2079,13903.7998046875,0.5029016689506096
2080,13908.8017578125,0.5048940323716696
2081,13910.0,0.5052988720182001
2082,13913.802734375,0.5065846437269517
2083,13918.8037109375,0.5079807108961671
2084,13920.0,0.5081136308643767
2085,13923.8056640625,0.5085365920770435
2086,13928.806640625,0.5078938922717522
2087,13930.0,0.507346731389581
2088,13933.8076171875,0.5055988751363528
2089,13938.8095703125,0.5011626900212875
2090,13940.0,0.4996281201006778
2091,13943.810546875,0.4947107981765739
2092,13948.8115234375,0.48592767549096494
2093,13950.0,0.48334156656320876
2094,13953.814453125,0.4750328280550258
2095,13958.8154296875,0.46126016220719185
2096,13960.0,0.457406298601424
2097,13963.8173828125,0.4449742817199762
2098,13968.818359375,0.42618163807533943
2099,13970.0,0.42111567391876076
2100,13973.8193359375,0.40472482625049006
2101,13978.8212890625,0.38190662920235585
2102,13980.0,0.37559535756821943
2103,13983.822265625,0.3551089961523205
2104,13988.8232421875,0.3275502827822942
2105,13990.0,0.32086153347680435
2106,13993.8251953125,0.2990972449317134
2107,13998.826171875,0.2713464048930128
2108,14000.0,0.2650878498462463
2109,14003.8271484375,0.2445705616520501
2110,14008.8291015625,0.2173102147848307
2111,14010.0,0.2112546434743661
2112,14013.830078125,0.1914366264865711
2113,14018.8310546875,0.16660191737972563
2114,14020.0,0.1612511389359731
2115,14023.8330078125,0.14369702396510634
2116,14028.833984375,0.12370861519081659
2117,14030.0,0.11954787042898896
2118,14033.8359375,0.1058531078779551
2119,14038.8369140625,0.09087170557247173
2120,14040.0,0.08789763318129645
2121,14043.837890625,0.07807905893471627
2122,14048.83984375,0.06735029716447065
2123,14050.0,0.06517863556166294
2124,14053.8408203125,0.05798554343803187
2125,14058.841796875,0.04994435411809826
2126,14060.0,0.048326241254847926
2127,14063.84375,0.04295351065100374
2128,14068.8447265625,0.03675947858663999
2129,14070.0,0.03554141115522604
2130,14073.845703125,0.03149456352572726
2131,14078.84765625,0.026861778891160714
2132,14080.0,0.025974108560940345
2133,14083.8486328125,0.02299951812032691
2134,14088.8505859375,0.02012916428469507
2135,14090.0,0.019469652655327477
2136,14093.8515625,0.017258604212236416
2137,14098.8525390625,0.015092090159416309
2138,14100.0,0.014668223847982966
2139,14103.85546875,0.01324332651181933
2140,14108.8564453125,0.011829610827548971
2141,14110.0,0.011449934968091754
2142,14113.857421875,0.010168583541472386
2143,14118.859375,0.008984617926598541
2144,14120.0,0.008753981222858585
2145,14123.8603515625,0.00797302358654146
2146,14128.861328125,0.007057102154281925
2147,14130.0,0.006873964503034879
2148,14133.86328125,0.006252308203183364
2149,14138.8642578125,0.00553165441039304
2150,14140.0,0.005386109492104115
2151,14143.865234375,0.004890536207200832
2152,14148.8671875,0.004236762001700192
2153,14150.0,0.004149727658487157
2154,14153.8681640625,0.0038523883404631277
2155,14158.8701171875,0.0035858786427713277
2156,14160.0,0.003535426573293679
2157,14163.87109375,0.003362486991517299
2158,14168.8720703125,0.0028671633814734095
2159,14170.0,0.002787050063488524
2160,14173.8740234375,0.002511754475130873
2161,14178.875,0.0022557675506342627
2162,14180.0,0.002204524363894659
2163,14183.8759765625,0.0020278884372886817
2164,14188.8779296875,0.00182230728670248
2165,14190.0,0.0017817532600906236
2166,14193.87890625,0.0016409719657250166
2167,14198.8798828125,0.0014706061476262567
2168,14200.0,0.0014279588343303724
2169,14203.8818359375,0.0012801042050548375
2170,14208.8828125,0.0010406715581805438
2171,14210.0,0.0009973359280021465
2172,14213.8837890625,0.0008466785617309791
2173,14218.8857421875,0.0009895950853673668
2174,14220.0,0.0009841925108162652
2175,14223.88671875,0.000965346732881559
2176,14228.888671875,0.000959565923874577
2177,14230.0,0.0009509349396836565
2178,14233.8896484375,0.0009207253989982281
2179,14238.890625,0.000662123217947692
2180,14240.0,0.0006453251269626316
2181,14243.892578125,0.0005863818147870314
2182,14248.8935546875,0.0005438903253229514
2183,14250.0,0.0005318337154778808
2184,14253.89453125,0.0004893946244957043
2185,14258.8974609375,0.00044055716643550736
2186,14260.0,0.0004326052482480302
2187,14263.8984375,0.0004044872687022817
2188,14268.8994140625,0.0003754754772002162
2189,14270.0,0.0003681640345083764
2190,14273.9013671875,0.00034224543446279156
2191,14280.0,0.0003300994136513618
2192,14290.0,0.00031018112336551
2193,14300.0,0.0002902599596292638
2194,14310.0,0.0002703359282691409
2195,14320.0,0.0002504090351138699
2196,14330.0,0.00023047928599439054
2197,14340.0,0.00021054668674385266
2198,14350.0,0.0001906112431976167
2199,14360.0,0.0001706729611932526
2200,14370.0,0.00015073184657054045
2201,14380.0,0.0001307879051714695
2202,14383.9306640625,0.00012294783914996066
2203,14390.0,0.00011242613348326189
2204,14400.0,9.501056993678493e-05
2205,14403.935546875,8.818552777296892e-05
2206,14410.0,8.104378256990152e-05
2207,14420.0,6.926963147449293e-05
2208,14423.9423828125,6.462858167324919e-05
2209,14430.0,5.951394820601415e-05
2210,14440.0,5.107225550448893e-05
2211,14443.947265625,4.774064959652158e-05
2212,14450.0,4.4042776148194905e-05
2213,14460.0,3.793452034086226e-05
2214,14463.9521484375,3.5520849201831405e-05
2215,14470.0,3.22658960148644e-05
2216,14480.0,2.6884929198835692e-05
2217,14483.9580078125,2.475549386030059e-05
2218,14490.0,2.690797521582196e-05
2219,14500.0,3.046982417435682e-05
2220,14503.962890625,3.187667975942903e-05
2221,14510.0,2.6799079580968614e-05
2222,14520.0,1.8409843904402528e-05
2223,14523.96875,1.507874689181242e-05
2224,14530.0,1.4384626052137267e-05
2225,14540.0,1.3233108168783955e-05
2226,14543.9736328125,1.2775314172246778e-05
2227,14550.0,1.3255231361935414e-05
2228,14560.0,1.4052035398679204e-05
2229,14563.98046875,1.4369354147602546e-05
2230,14570.0,1.2751847433765802e-05
2231,14580.0,1.0055010786228426e-05
2232,14583.9853515625,8.983867646460863e-06
2233,14590.0,9.26670123777538e-06
2234,14600.0,9.737202694906585e-06
2235,14603.9912109375,9.924640603084939e-06
2236,14610.0,9.134382449686855e-06
2237,14620.0,7.818713966832594e-06
2238,14623.99609375,7.292786497848048e-06
2239,14630.0,6.92165671960103e-06
2240,14640.0,6.303275371860312e-06
2241,14644.0009765625,6.053794406202715e-06
2242,14650.0,5.844668754220553e-06
2243,14660.0,5.500902998809509e-06
2244,14664.0068359375,5.363116011155113e-06
2245,14670.0,4.628469977247818e-06
2246,14680.0,3.4022006445200943e-06
2247,14684.01171875,2.910093261204428e-06
2248,14690.0,2.9318286113621e-06
2249,14700.0,2.9681384875511978e-06
2250,14704.017578125,2.9817480074679615e-06
2251,14710.0,3.034584908675099e-06
2252,14720.0,3.125385736303154e-06
2253,14724.0234375,3.1619308438609513e-06
2254,14730.0,2.930362455815288e-06
2255,14740.0,2.542755619069268e-06
2256,14744.029296875,2.3865256596107234e-06
2257,14750.0,1.843149470679621e-06
2258,14760.0,9.319707955119091e-07
2259,14764.0341796875,5.648742562300175e-07
2260,14770.0,1.1975430385255878e-06
2261,14780.0,2.2584302767781717e-06
2262,14784.0390625,2.6870706386125747e-06
2263,14790.0,2.2125413236303e-06
2264,14800.0,1.415013844198285e-06
2265,14804.044921875,1.093004849646422e-06
2266,14810.0,1.2618420746509578e-06
2267,14820.0,1.545420799168541e-06
2268,14824.0498046875,1.6602862678249841e-06
2269,14830.0,1.261280127586404e-06
2270,14840.0,5.900744046435681e-07
2271,14844.0556640625,3.182253022697288e-07
2272,14850.0,3.868108755733667e-07
2273,14860.0,5.022152116346541e-07
2274,14864.060546875,5.490844998677579e-07
2275,14870.0,8.518412221496942e-07
2276,14880.0,1.3605675541711417e-06
2277,14884.0673828125,1.567810194167895e-06
2278,14890.0,1.2682709380100698e-06
2279,14900.0,7.632608630595684e-07
2280,14904.072265625,5.575686250076711e-07
2281,14910.0,4.5567020026922496e-07
2282,14920.0,2.834987473231906e-07
2283,14924.078125,2.134249513418215e-07
2284,14930.0,3.9315106101918787e-07
2285,14940.0,6.967108343911952e-07
2286,14944.0830078125,8.206778116566574e-07
2287,14950.0,1.3094781982505623e-06
2288,14960.0,2.133988769921557e-06
2289,14964.087890625,2.4715443575836674e-06
2290,14970.0,2.421809913922545e-06
2291,14980.0,2.337668910738037e-06
2292,14990.0,2.25164588692383e-06
2293,15000.0,2.1675291467999066e-06
2294,15010.0,2.082392029758817e-06
2295,15020.0,1.9956642639806328e-06
2296,15024.10546875,1.9607812936649125e-06
2297,15030.0,1.85428096870154e-06
2298,15040.0,1.6737035946965595e-06
2299,15044.1103515625,1.5989727289772092e-06
2300,15050.0,1.1588807998376842e-06
2301,15060.0,4.133833334706163e-07
2302,15064.1162109375,1.0667078605393093e-07
2303,15070.0,2.6534500966304943e-07
2304,15080.0,5.344345640439848e-07
2305,15084.12109375,6.453650468729306e-07
2306,15090.0,8.520759506390373e-07
2307,15100.0,1.2034970188373825e-06
2308,15104.1259765625,1.3479609947501351e-06
2309,15110.0,1.1954214827576316e-06
2310,15120.0,9.369947963890508e-07
2311,15124.1318359375,8.302693665008326e-07
2312,15130.0,8.351041683536888e-07
2313,15140.0,8.426398211159767e-07
2314,15144.13671875,8.4604162507519e-07
2315,15150.0,9.46396216113048e-07
2316,15160.0,1.1174596941320772e-06
2317,15164.142578125,1.187881129040617e-06
2318,15170.0,1.5079585656265854e-06
2319,15180.0,2.0550902206636187e-06
2320,15184.1484375,2.2811672530717e-06
2321,15190.0,2.064399759511128e-06
2322,15200.0,1.696052166598846e-06
2323,15210.0,1.3278502850695422e-06
2324,15220.0,9.591669263589492e-07
2325,15224.1591796875,8.063765142052395e-07
2326,15230.0,8.132213611287649e-07
2327,15240.0,8.242465359847889e-07
2328,15244.1650390625,8.291170746171241e-07
2329,15250.0,7.516523710193998e-07
2330,15260.0,6.189829566903443e-07
2331,15264.169921875,5.634989234184928e-07
2332,15270.0,9.359827906593763e-07
2333,15280.0,1.574916940493528e-06
2334,15284.1748046875,1.8408567744619073e-06
2335,15290.0,1.8113317265788958e-06
2336,15300.0,1.7622129329697392e-06
2337,15304.1806640625,1.7410835953473795e-06
2338,15310.0,1.7590878530248205e-06
2339,15320.0,1.7914556454279243e-06
2340,15330.0,1.822274005687465e-06
2341,15340.0,1.8545583328477547e-06
2342,15350.0,1.8852395889186697e-06
2343,15360.0,1.9174405997424274e-06
2344,15364.197265625,1.9309478266837856e-06
2345,15370.0,1.6690442529684715e-06
2346,15380.0,1.2169881474213583e-06
2347,15384.203125,1.0276850969337889e-06
2348,15390.0,1.1193544522900368e-06
2349,15400.0,1.2763145687478925e-06
2350,15404.2080078125,1.3427456302339232e-06
2351,15410.0,1.5153898792379855e-06
2352,15420.0,1.8117677511259644e-06
2353,15424.212890625,1.9370950893186427e-06
2354,15430.0,1.7353462383759172e-06
2355,15440.0,1.3857753954185822e-06
2356,15444.21875,1.2389924931483084e-06
2357,15450.0,1.1678066773988293e-06
2358,15460.0,1.043872321648129e-06
2359,15464.2236328125,9.916168746809475e-07
2360,15470.0,1.0673400844460953e-06
2361,15480.0,1.1991845834235867e-06
2362,15484.23046875,1.2544850741049782e-06
2363,15490.0,1.2470978046160174e-06
2364,15500.0,1.2353543153805802e-06
2365,15504.2353515625,1.230085104091067e-06
2366,15510.0,1.0880984584104797e-06
2367,15520.0,8.428697131170189e-07
2368,15524.2412109375,7.386159200846967e-07
2369,15530.0,7.145964984601373e-07
2370,15540.0,6.73515991098413e-07
2371,15550.0,6.319122834704921e-07
2372,15560.0,5.903867616934491e-07
2373,15564.251953125,5.729594315383595e-07
2374,15570.0,6.181988918745343e-07
2375,15580.0,6.96301522982994e-07
2376,15584.2568359375,7.297651142173983e-07
2377,15590.0,7.559386700695781e-07
2378,15600.0,8.008277540970472e-07
2379,15604.26171875,8.202083752597398e-07
2380,15610.0,7.258223797283615e-07
2381,15620.0,5.609059956624597e-07
2382,15624.267578125,4.906276770043561e-07
2383,15630.0,5.264546483683794e-07
2384,15640.0,5.893520274492267e-07
2385,15650.0,6.516768438248369e-07
2386,15660.0,7.138745643113081e-07
2387,15664.279296875,7.407206338817487e-07
2388,15670.0,7.435935856097371e-07
2389,15680.0,7.479799072494464e-07
2390,15684.2841796875,7.50128522636998e-07
2391,15690.0,6.788697845922401e-07
2392,15700.0,5.537626120524676e-07
2393,15704.2900390625,5.001685428937186e-07
2394,15710.0,6.884111437703447e-07
2395,15720.0,1.0184244368287084e-06
2396,15724.294921875,1.1597058052990652e-06
2397,15730.0,8.980990228881265e-07
2398,15740.0,4.4027768318288594e-07
2399,15744.30078125,2.437535353868732e-07
2400,15750.0,3.114198726192577e-07
2401,15760.0,4.2975223952956194e-07
2402,15770.0,5.478434225771129e-07
2403,15780.0,6.656936216302302e-07
2404,15784.310546875,7.166827595683297e-07
2405,15790.0,7.110263451624805e-07
2406,15800.0,7.0048873433999e-07
2407,15804.3173828125,6.959574072254421e-07
2408,15810.0,6.536310885830012e-07
2409,15820.0,5.797563261769079e-07
2410,15830.0,5.054677069363005e-07
2411,15840.0,4.313237590013276e-07
2412,15844.328125,3.992782139930827e-07
2413,15850.0,5.827057189479516e-07
2414,15860.0,9.06382356062679e-07
2415,15864.3330078125,1.046217846663694e-06
2416,15870.0,9.047286853149657e-07
2417,15880.0,6.554394018870681e-07
2418,15890.0,4.06639116997547e-07
2419,15900.0,1.5846370836404701e-07
2420,15904.34375,5.0663012763054745e-08
2421,15910.0,1.3812435602621294e-07
2422,15920.0,2.9251353003383585e-07
2423,15924.3486328125,3.595566507999325e-07
2424,15930.0,3.8895863788767416e-07
2425,15940.0,4.409040779183373e-07
2426,15944.35546875,4.6367056423093406e-07
2427,15950.0,3.718941173875974e-07
2428,15960.0,2.0915205846649224e-07
2429,15964.3603515625,1.3829131063138513e-07
2430,15970.0,3.7346476230109467e-07
2431,15980.0,7.898196409125138e-07
2432,15984.3662109375,9.71350244503525e-07
2433,15990.0,9.700985142579854e-07
2434,16000.0,9.687167300715792e-07
2435,16004.37109375,9.677636607776031e-07
2436,16010.0,7.714375329423761e-07
2437,16020.0,4.2317301524808793e-07
2438,16024.376953125,2.7094755775712184e-07
2439,16030.0,6.721960511397753e-07
2440,16040.0,1.3847113784674127e-06
2441,16044.3818359375,1.6964952027880851e-06
2442,16050.0,1.5572949060624143e-06
2443,16060.0,1.3110327501041864e-06
2444,16070.0,1.0638877737457167e-06
2445,16080.0,8.172130463054691e-07
2446,16084.392578125,7.090077983576005e-07
2447,16090.0,7.281434894411829e-07
2448,16100.0,7.622171858879855e-07
2449,16104.3984375,7.771832451093916e-07
2450,16110.0,7.293257058220755e-07
2451,16120.0,6.440163517440911e-07
2452,16130.0,5.588695569725679e-07
2453,16140.0,4.738851712435164e-07
2454,16150.0,3.890632365749221e-07
2455,16160.0,3.046705271583152e-07
2456,16164.4150390625,2.673120913645921e-07
2457,16170.0,3.5058789410612487e-07
2458,16180.0,4.994708870360053e-07
2459,16184.419921875,5.651843537812812e-07
2460,16190.0,6.302128443090552e-07
2461,16200.0,7.465737012418551e-07
2462,16204.42578125,7.979355969582453e-07
2463,16210.0,8.41358637234164e-07
2464,16220.0,9.191176950939546e-07
2465,16224.4306640625,9.535122980124391e-07
2466,16230.0,8.607284454016045e-07
2467,16240.0,6.944278065573332e-07
2468,16244.435546875,6.207865189028639e-07
2469,16250.0,7.089725759158742e-07
2470,16260.0,8.671681491175474e-07
2471,16264.4423828125,9.373271100023485e-07
2472,16270.0,9.64268437241228e-07
2473,16280.0,1.0126560865905592e-06
2474,16284.447265625,1.0341387639146502e-06
2475,16290.0,9.50364297596045e-07
2476,16300.0,7.997633101470061e-07
2477,16304.453125,7.328102741679424e-07
2478,16310.0,6.443951717885342e-07
2479,16320.0,4.852847001797534e-07
2480,16324.4580078125,4.1447149708085486e-07
2481,16330.0,3.1766335762000207e-07
2482,16340.0,1.4329635925360446e-07
2483,16344.4638671875,6.559168450635922e-08
2484,16350.0,3.146103917035673e-07
2485,16360.0,7.636049874641581e-07
2486,16364.46875,9.635277806037684e-07
2487,16370.0,9.449619574513616e-07
2488,16380.0,9.123134839858171e-07
2489,16384.474609375,8.977285678223824e-07
2490,16390.0,1.0142440836854285e-06
2491,16400.0,1.2247338166815002e-06
2492,16410.0,1.4355765182990884e-06
2493,16420.0,1.6461735932854654e-06
2494,16424.484375,1.7405333767701713e-06
2495,16430.0,1.4568278826104574e-06
2496,16440.0,9.429223846296716e-07
2497,16444.490234375,7.123603735167756e-07
2498,16450.0,6.258153089297123e-07
2499,16460.0,4.6845866022450853e-07
2500,16464.49609375,3.980220502225098e-07
2501,16470.0,4.84185648197344e-07
2502,16480.0,6.405931701472833e-07
2503,16490.0,7.968166120900682e-07
2504,16500.0,9.528557084184914e-07
2505,16504.5078125,1.0231348925918843e-06
2506,16510.0,8.576989312676525e-07
2507,16520.0,5.567521870543895e-07
2508,16524.513671875,4.2085845766036005e-07
2509,16530.0,4.0030293244510597e-07
2510,16540.0,3.632511700831291e-07
2511,16550.0,3.262428456188039e-07
2512,16560.0,2.892779592804674e-07
2513,16570.0,2.523566526763174e-07
2514,16580.0,2.1528250703732553e-07
2515,16584.529296875,1.9860902072698077e-07
2516,16590.0,3.5174277155425357e-07
2517,16600.0,6.31399104926995e-07
2518,16604.533203125,7.571933037464652e-07
2519,16610.0,5.933133636664885e-07
2520,16620.0,2.94713322870122e-07
2521,16624.5390625,1.6003761704533403e-07
2522,16630.0,3.127616621774903e-07
2523,16640.0,5.910690901666438e-07
2524,16644.544921875,7.169777722428033e-07
2525,16650.0,6.309073673078121e-07
2526,16660.0,4.734506430371252e-07
2527,16664.55078125,4.0238410007734944e-07
2528,16670.0,3.4915755802654005e-07
2529,16680.0,2.519519577119956e-07
2530,16690.0,1.552122362038995e-07
2531,16700.0,5.931209158996993e-08
2532,16704.5625,1.575887949324247e-08
2533,16710.0,1.1835408220232776e-07
2534,16720.0,3.0582718898829946e-07
2535,16724.56640625,3.910879869846375e-07
2536,16730.0,3.098446391680963e-07
2537,16740.0,1.610538186353986e-07
2538,16744.572265625,9.329743288616952e-08
2539,16750.0,9.098648297690443e-08
2540,16760.0,8.683509226435307e-08
2541,16770.0,8.27089332491027e-08
2542,16780.0,7.853452330217788e-08
2543,16784.58203125,7.666552200082441e-08
2544,16790.0,3.253070143346589e-07
2545,16800.0,7.812255494893837e-07
2546,16804.58984375,9.89661236772228e-07
2547,16810.0,7.948946694632659e-07
2548,16820.0,4.3664191982103983e-07
2549,16824.59375,2.7271142183717907e-07
2550,16830.0,3.1775094598003886e-07
2551,16840.0,4.009042734882232e-07
2552,16850.0,4.83066617316044e-07
2553,16860.0,5.65072990589547e-07
2554,16864.60546875,6.023994695217277e-07
2555,16870.0,7.16765837262077e-07
2556,16880.0,9.282830779811e-07
2557,16884.611328125,1.0253590434616661e-06
2558,16890.0,9.771708673548291e-07
2559,16900.0,8.873337073308685e-07
2560,16910.0,7.989806703989852e-07
2561,16920.0,7.105073499055102e-07
2562,16924.62109375,6.701615260102842e-07
2563,16930.0,1.033287707052979e-06
2564,16940.0,1.7033830310355468e-06
2565,16944.626953125,2.012408765785341e-06
2566,16950.0,1.957397063078799e-06
2567,16960.0,1.8537241593242387e-06
2568,16970.0,1.7508742738834412e-06
2569,16980.0,1.6504299205524518e-06
2570,16990.0,1.5491232324040573e-06
2571,17000.0,1.4500284377197832e-06
2572,17004.642578125,1.403111670155448e-06
2573,17010.0,1.164641666260052e-06
2574,17020.0,7.23605304146161e-07
2575,17024.6484375,5.195676681816445e-07
2576,17030.0,4.587783956493982e-07
2577,17040.0,3.4604943333111514e-07
2578,17044.654296875,2.9409709040294495e-07
2579,17050.0,3.7637448666893055e-07
2580,17060.0,5.28802431922585e-07
2581,17064.66015625,5.995754285356398e-07
2582,17070.0,5.676099283860004e-07
2583,17080.0,5.076174860794542e-07
2584,17090.0,4.482139943652225e-07
2585,17100.0,3.897784340587571e-07
2586,17110.0,3.3148931301729303e-07
2587,17120.0,2.7378236093514295e-07
2588,17130.0,2.168684324302954e-07
2589,17140.0,1.602633563795892e-07
2590,17144.681640625,1.3396078826139078e-07
2591,17150.0,1.7611466707739565e-07
2592,17160.0,2.5499598688728813e-07
2593,17170.0,3.328810963380999e-07
2594,17180.0,4.099472565349609e-07
2595,17184.69140625,4.4602853946883827e-07
2596,17190.0,3.931443523005496e-07
2597,17200.0,2.938671261794987e-07
2598,17204.697265625,2.4664772674717916e-07
2599,17210.0,2.6788241784654513e-07
2600,17220.0,3.0704843067033754e-07
2601,17224.703125,3.2522605247753794e-07
2602,17230.0,3.7933496791214407e-07
2603,17240.0,4.789559557392806e-07
2604,17244.708984375,5.248722259093499e-07
2605,17250.0,5.251524486621518e-07
2606,17260.0,5.255381510233543e-07
2607,17264.71484375,5.256549744900672e-07
2608,17270.0,4.5438167858262486e-07
2609,17280.0,3.2264262296177623e-07
2610,17290.0,1.9408191733139383e-07
2611,17300.0,6.913555362080368e-08
2612,17304.724609375,1.1354184981675309e-08
2613,17310.0,3.1958853578159005e-08
2614,17320.0,7.012964511920317e-08
2615,17324.73046875,8.778312381291776e-08
2616,17330.0,7.703904850903585e-08
2617,17340.0,5.70950237420853e-08
2618,17350.0,3.7769505868980376e-08
2619,17360.0,1.8962483513999306e-08
2620,17364.740234375,1.0247999956863825e-08
2621,17370.0,6.648492437391353e-08
2622,17380.0,1.7081533301725443e-07
2623,17384.74609375,2.191492447751257e-07
2624,17390.0,5.120438894611426e-07
2625,17400.0,1.055649136506921e-06
2626,17404.751953125,1.2988391816375766e-06
2627,17410.0,1.1287872370767531e-06
2628,17420.0,8.184227713107421e-07
2629,17424.7578125,6.770211197594365e-07
2630,17430.0,5.329422536561806e-07
2631,17440.0,2.7089381466509247e-07
2632,17444.763671875,1.5194005277224655e-07
2633,17450.0,1.7450452641919797e-07
2634,17460.0,2.1503653078011362e-07
2635,17470.0,2.522276748184735e-07
2636,17480.0,2.861013589626493e-07
2637,17484.7734375,3.011078125079068e-07
2638,17490.0,2.572510474991131e-07
2639,17500.0,1.7776410503077553e-07
2640,17504.779296875,1.4181779100948348e-07
2641,17510.0,1.1966350778164983e-07
2642,17520.0,7.963366463463407e-08
2643,17524.78515625,6.15916843730745e-08
2644,17530.0,8.677959893563925e-08
2645,17540.0,1.3147004820943172e-07
2646,17544.7890625,1.5120014619720494e-07
2647,17550.0,1.5722966252855126e-07
2648,17560.0,1.673522109025927e-07
2649,17564.796875,1.7153533918726738e-07
2650,17570.0,1.3223971512699962e-07
2651,17580.0,6.238560158807068e-08
2652,17584.80078125,3.148697427271489e-08
2653,17590.0,6.790749694572913e-08
2654,17600.0,1.309906272809456e-07
2655,17604.806640625,1.6028558863755264e-07
2656,17610.0,1.5382509931610518e-07
2657,17620.0,1.4178093326434063e-07
2658,17624.8125,1.3616953012916723e-07
2659,17630.0,1.8666683561333025e-07
2660,17640.0,2.7712814603676006e-07
2661,17644.81640625,3.174793272831999e-07
2662,17650.0,2.787764675434341e-07
2663,17660.0,2.0828017634868724e-07
2664,17664.822265625,1.7648893967031414e-07
2665,17670.0,1.435185738375771e-07
2666,17680.0,8.421734003577042e-08
2667,17684.828125,5.76401497072526e-08
2668,17690.0,5.390365096982345e-08
2669,17700.0,4.698805482872592e-08
2670,17704.833984375,4.38433891201792e-08
2671,17710.0,7.777268653661639e-08
2672,17720.0,1.3673185199469975e-07
2673,17724.83984375,1.6210101680495111e-07
2674,17730.0,1.6325168596468273e-07
2675,17740.0,1.638012436551352e-07
2676,17750.0,1.625715602440632e-07
2677,17760.0,1.5939611481441124e-07
2678,17764.849609375,1.5716000375153871e-07
2679,17770.0,1.397057404005499e-07
2680,17780.0,1.0862843293808058e-07
2681,17790.0,8.155339003654328e-08
2682,17800.0,5.82948905225312e-08
2683,17810.0,4.354479782617774e-08
2684,17820.0,2.989080789872196e-08
2685,17824.865234375,2.3604950807599205e-08
2686,17830.0,2.1470190990957875e-08
2687,17840.0,1.7552080553138792e-08
2688,17844.87109375,1.5744703932022328e-08
2689,17850.0,3.6072124380257906e-08
2690,17860.0,7.26764036309244e-08
2691,17864.876953125,8.914461230753983e-08
2692,17870.0,8.084310727409245e-08
2693,17880.0,6.55078296523036e-08
2694,17884.8828125,5.851676273900313e-08
2695,17890.0,4.2611604469649777e-08
2696,17900.0,1.3980116163495648e-08
2697,17904.888671875,1.1875881771568526e-09
2698,17910.0,1.1518482406746164e-09
2699,17920.0,1.080388151685343e-09
2700,17924.89453125,1.0459415600919353e-09
2701,17930.0,5.607560687634844e-09
2702,17940.0,1.3510702174621545e-08
2703,17944.8984375,1.6897636433496193e-08
2704,17950.0,1.8772351101850402e-08
2705,17960.0,2.1760409818854695e-08
2706,17964.904296875,2.291889395989079e-08
2707,17970.0,2.2292486505355137e-08
2708,17980.0,2.088421408375458e-08
2709,17984.91015625,2.0131537002948802e-08
2710,17990.0,1.989165790189436e-08
2711,18000.0,1.9018914544733058e-08
2712,18001.0,0.0
2713,18002.0,0.0
2714,18004.9140625,0.0
2715,18024.921875,0.0
2716,18044.92578125,0.0
2717,18064.931640625,0.0
2718,18104.943359375,0.0
2719,18144.953125,0.0
2720,18164.958984375,0.0
2721,18184.96484375,0.0
2722,18200.0,0.0
2723,18204.970703125,0.0
2724,18224.974609375,0.0
2725,18244.98046875,0.0
2726,18264.986328125,0.0
2727,18284.9921875,0.0
2728,18304.99609375,0.0
2729,18325.001953125,0.0
2730,18345.0078125,0.0
2731,18365.013671875,0.0
2732,18385.01953125,0.0
2733,18400.0,0.0
2734,18405.0234375,0.0
2735,18425.029296875,0.0
2736,18445.03515625,0.0
2737,18465.041015625,0.0
2738,18485.046875,0.0
2739,18505.05078125,0.0
2740,18525.056640625,0.0
2741,18565.068359375,0.0
2742,18585.072265625,0.0
2743,18600.0,0.0
2744,18605.078125,0.0
2745,18625.083984375,0.0
2746,18665.095703125,0.0
2747,18685.099609375,0.0
2748,18705.10546875,0.0
2749,18725.111328125,0.0
2750,18745.1171875,0.0
2751,18785.12890625,0.0
2752,18800.0,0.0
2753,18805.1328125,0.0
2754,18825.138671875,0.0
2755,18845.14453125,0.0
2756,18865.1484375,0.0
2757,18885.154296875,0.0
2758,18905.16015625,0.0
2759,18925.166015625,0.0
2760,18945.171875,0.0
2761,18965.177734375,0.0
2762,18985.181640625,0.0
2763,19000.0,0.0
2764,19005.1875,0.0
2765,19006.1875,0.0
2766,19007.1875,0.0
2767,19200.0,0.0
2768,19400.0,0.0
2769,19600.0,0.0
2770,19800.0,0.0
2771,20000.0,0.0
2772,20001.0,0.0
2773,20002.0,0.0
2774,30000.0,0.0
2775,30010.0,0.0
